Trip ID,Taxi ID,Trip Start Timestamp,Trip End Timestamp,Trip Seconds,Trip Miles,Pickup Community Area,Dropoff Community Area,Fare,Tips,Tolls,Extras,Trip Total,Payment Type,Company
100000,TX2679,2024-08-21 01:23:00,2024-08-21 01:35:36,756,0.99,70,12,5.63,2.75,0.0,1,9.38,No Charge,Flash Cab
100001,TX9928,2024-01-12 02:22:00,2024-01-12 02:33:23,683,4.76,54,29,14.67,5.05,0.0,1,20.72,No Charge,Medallion
100002,TX5552,2024-04-11 12:52:00,2024-04-11 12:57:26,326,15.3,20,28,39.97,1.6,2.5,2,46.07,Mobile,Flash Cab
100003,TX1711,2024-02-04 00:25:00,2024-02-04 00:55:56,1856,2.39,59,69,8.99,8.47,5.0,2,24.46,Cash,Taxi Affiliation
100004,TX2139,2024-01-29 22:33:00,2024-01-29 23:15:41,2561,6.22,6,30,18.18,6.29,0.0,1,25.47,Mobile,Flash Cab
100005,TX3664,2024-11-07 15:52:00,2024-11-07 16:12:53,1253,17.4,48,46,45.01,3.8,2.5,2,53.31,Credit Card,Blue Ribbon
100006,TX3677,2024-09-12 18:35:00,2024-09-12 19:26:39,3099,13.14,60,49,34.79,6.09,0.0,1,41.88,Mobile,Medallion
100007,TX1525,2024-03-21 05:01:00,2024-03-21 05:52:44,3104,6.82,41,52,19.62,7.68,0.0,1,28.3,Mobile,Flash Cab
100008,TX8517,2024-03-18 01:35:00,2024-03-18 02:18:43,2623,17.59,19,34,45.47,3.15,2.5,3,54.12,Credit Card,Yellow Cab
100009,TX6930,2024-09-28 11:48:00,2024-09-28 12:31:19,2599,11.01,29,18,29.67,7.47,2.5,3,42.64,No Charge,Flash Cab
100010,TX2040,2024-10-02 10:07:00,2024-10-02 10:15:12,492,17.29,50,49,44.75,1.53,0.0,3,49.28,No Charge,Medallion
100011,TX6573,2024-04-01 18:53:00,2024-04-01 19:35:46,2566,17.29,15,38,44.75,0.11,0.0,2,46.86,No Charge,Yellow Cab
100012,TX9317,2024-06-14 10:41:00,2024-06-14 10:46:13,313,19.1,14,39,49.09,8.76,0.0,1,58.85,Credit Card,Yellow Cab
100013,TX6310,2024-05-16 09:18:00,2024-05-16 10:15:03,3423,3.65,63,3,12.01,9.53,5.0,0,26.54,Cash,Blue Ribbon
100014,TX2403,2024-11-16 04:23:00,2024-11-16 04:48:59,1559,5.17,63,9,15.66,2.41,5.0,0,23.07,Credit Card,Yellow Cab
100015,TX4470,2024-08-28 10:59:00,2024-08-28 11:36:26,2246,18.96,70,26,48.75,1.65,5.0,3,58.4,Mobile,Taxi Affiliation
100016,TX5061,2024-09-01 19:17:00,2024-09-01 20:06:21,2961,7.78,29,9,21.92,9.0,2.5,0,33.42,Mobile,Flash Cab
100017,TX4750,2024-08-02 10:43:00,2024-08-02 11:25:48,2568,4.99,9,5,15.23,2.2,0.0,0,17.43,Mobile,Flash Cab
100018,TX8744,2024-07-06 10:45:00,2024-07-06 11:06:14,1274,5.93,32,61,17.48,4.85,5.0,1,28.33,No Charge,Yellow Cab
100019,TX1887,2024-02-04 14:13:00,2024-02-04 14:24:37,697,13.35,13,8,35.29,3.54,2.5,3,44.33,No Charge,Blue Ribbon
100020,TX7912,2024-10-18 17:41:00,2024-10-18 17:53:27,747,5.35,24,36,16.09,1.9,2.5,1,21.49,No Charge,Yellow Cab
100021,TX1828,2024-11-14 15:22:00,2024-11-14 15:32:08,608,9.14,70,2,25.19,8.61,5.0,0,38.8,Cash,Yellow Cab
100022,TX3697,2024-03-01 19:14:00,2024-03-01 19:46:44,1964,9.97,49,1,27.18,2.14,2.5,0,31.82,No Charge,Blue Ribbon
100023,TX3536,2024-12-03 14:02:00,2024-12-03 15:00:31,3511,15.81,25,38,41.19,2.85,5.0,3,52.04,Credit Card,Flash Cab
100024,TX8811,2024-07-30 02:57:00,2024-07-30 03:52:13,3313,11.07,65,68,29.82,7.48,0.0,0,37.3,Credit Card,Flash Cab
100025,TX7615,2024-07-04 03:28:00,2024-07-04 03:38:28,628,17.1,16,73,44.29,0.69,0.0,1,45.98,Credit Card,Medallion
100026,TX5272,2024-08-04 16:59:00,2024-08-04 17:06:42,462,12.58,27,41,33.44,4.19,5.0,2,44.63,Credit Card,Blue Ribbon
100027,TX1152,2024-05-24 08:25:00,2024-05-24 08:38:56,836,13.6,59,73,35.89,3.0,0.0,0,38.89,Cash,Flash Cab
100028,TX5002,2024-07-14 23:55:00,2024-07-15 00:14:33,1173,10.36,48,37,28.11,1.32,0.0,0,29.43,Credit Card,Taxi Affiliation
100029,TX5905,2024-10-30 19:22:00,2024-10-30 20:04:05,2525,14.22,14,18,37.38,6.12,5.0,0,48.5,Mobile,Flash Cab
100030,TX6617,2024-11-20 04:25:00,2024-11-20 04:37:18,738,14.98,27,34,39.2,1.55,0.0,1,41.75,No Charge,Blue Ribbon
100031,TX1058,2024-11-25 20:57:00,2024-11-25 21:05:28,508,2.3,43,17,8.77,4.24,0.0,0,13.01,Mobile,Yellow Cab
100032,TX2232,2024-09-27 02:58:00,2024-09-27 03:33:09,2109,11.26,20,70,30.27,4.28,0.0,0,34.55,Cash,Blue Ribbon
100033,TX1653,2024-07-31 08:02:00,2024-07-31 08:44:43,2563,3.39,46,27,11.39,1.27,0.0,2,14.66,Credit Card,Flash Cab
100034,TX4878,2024-05-09 00:29:00,2024-05-09 01:27:15,3495,11.42,21,23,30.66,8.75,5.0,1,45.41,No Charge,Flash Cab
100035,TX5371,2024-03-06 13:16:00,2024-03-06 14:11:16,3316,18.53,21,14,47.72,7.82,2.5,1,59.04,No Charge,Flash Cab
100036,TX6000,2024-11-08 20:30:00,2024-11-08 21:07:07,2227,4.84,30,29,14.87,8.17,2.5,2,27.54,Cash,Yellow Cab
100037,TX9346,2024-05-25 07:50:00,2024-05-25 08:17:24,1644,5.93,52,69,17.48,0.69,0.0,2,20.17,Mobile,Flash Cab
100038,TX2776,2024-02-12 05:52:00,2024-02-12 06:14:49,1369,3.98,77,56,12.8,9.63,0.0,0,22.43,Mobile,Blue Ribbon
100039,TX5173,2024-06-08 03:16:00,2024-06-08 04:02:23,2783,19.69,6,56,50.51,1.16,5.0,1,57.67,Cash,Medallion
100040,TX8066,2024-12-03 05:47:00,2024-12-03 06:28:45,2505,13.89,9,43,36.59,9.4,0.0,2,47.99,Mobile,Flash Cab
100041,TX5844,2024-09-19 07:18:00,2024-09-19 07:43:30,1530,10.39,71,17,28.19,6.67,0.0,3,37.86,Credit Card,Taxi Affiliation
100042,TX7653,2024-08-30 08:14:00,2024-08-30 08:44:52,1852,13.71,71,1,36.15,9.03,5.0,2,52.18,Mobile,Blue Ribbon
100043,TX8238,2024-03-17 18:36:00,2024-03-17 19:10:20,2060,15.82,57,28,41.22,6.07,0.0,3,50.29,No Charge,Yellow Cab
100044,TX2530,2024-08-28 03:07:00,2024-08-28 03:17:47,647,6.03,31,40,17.72,6.64,5.0,2,31.36,Credit Card,Yellow Cab
100045,TX8461,2024-02-23 21:35:00,2024-02-23 21:41:40,400,1.4,54,74,6.61,9.84,5.0,0,21.45,Credit Card,Taxi Affiliation
100046,TX7965,2024-06-29 05:56:00,2024-06-29 06:28:16,1936,5.26,29,23,15.87,6.56,0.0,0,22.43,No Charge,Flash Cab
100047,TX9702,2024-07-22 04:41:00,2024-07-22 05:03:00,1320,18.39,72,77,47.39,1.21,0.0,3,51.6,Mobile,Taxi Affiliation
100048,TX3607,2024-08-11 07:26:00,2024-08-11 08:20:06,3246,17.89,61,58,46.19,4.27,5.0,3,58.46,Mobile,Yellow Cab
100049,TX5499,2024-11-02 00:50:00,2024-11-02 01:38:31,2911,5.91,57,10,17.43,7.78,2.5,1,28.71,Mobile,Yellow Cab
100050,TX4788,2024-04-09 04:16:00,2024-04-09 04:43:55,1675,6.73,50,20,19.4,5.4,0.0,1,25.8,Credit Card,Flash Cab
100051,TX7883,2024-05-31 07:10:00,2024-05-31 07:42:49,1969,6.95,50,75,19.93,4.66,0.0,1,25.59,Cash,Medallion
100052,TX9818,2024-05-18 17:49:00,2024-05-18 18:26:33,2253,0.61,70,29,4.71,3.52,2.5,3,13.73,No Charge,Yellow Cab
100053,TX8657,2024-04-09 14:56:00,2024-04-09 15:30:45,2085,9.97,17,69,27.18,3.89,2.5,1,34.57,Cash,Taxi Affiliation
100054,TX8564,2024-08-03 18:02:00,2024-08-03 18:45:31,2611,13.43,24,7,35.48,0.84,2.5,1,39.82,Mobile,Taxi Affiliation
100055,TX7906,2024-04-29 10:27:00,2024-04-29 10:46:26,1166,9.37,33,11,25.74,3.38,2.5,2,33.62,No Charge,Flash Cab
100056,TX1659,2024-09-29 23:04:00,2024-09-29 23:45:49,2509,1.52,4,32,6.9,9.52,0.0,0,16.42,Credit Card,Flash Cab
100057,TX8619,2024-08-14 11:18:00,2024-08-14 11:33:24,924,5.15,33,48,15.61,4.74,0.0,1,21.35,Credit Card,Medallion
100058,TX2771,2024-08-09 08:12:00,2024-08-09 09:08:03,3363,14.51,75,4,38.07,7.78,0.0,2,47.85,Mobile,Medallion
100059,TX2669,2024-09-03 20:45:00,2024-09-03 21:15:37,1837,8.23,39,77,23.0,7.15,0.0,1,31.15,Cash,Medallion
100060,TX9289,2024-10-12 04:46:00,2024-10-12 04:53:48,468,7.27,44,2,20.7,4.28,0.0,0,24.98,No Charge,Taxi Affiliation
100061,TX8135,2024-02-08 16:12:00,2024-02-08 16:46:35,2075,19.24,23,67,49.43,6.36,2.5,1,59.29,Mobile,Medallion
100062,TX6280,2024-10-21 12:09:00,2024-10-21 12:50:44,2504,15.61,32,12,40.71,4.65,5.0,2,52.36,Mobile,Taxi Affiliation
100063,TX1470,2024-03-30 00:54:00,2024-03-30 01:50:13,3373,9.56,64,42,26.19,6.1,2.5,2,36.79,Credit Card,Taxi Affiliation
100064,TX1166,2024-03-18 11:31:00,2024-03-18 12:00:13,1753,16.06,67,25,41.79,3.4,5.0,2,52.19,Cash,Yellow Cab
100065,TX8342,2024-09-19 10:06:00,2024-09-19 10:38:44,1964,10.03,3,12,27.32,7.58,2.5,3,40.4,Mobile,Yellow Cab
100066,TX9698,2024-05-27 11:42:00,2024-05-27 12:34:13,3133,5.24,45,55,15.83,6.64,0.0,3,25.47,Mobile,Blue Ribbon
100067,TX6169,2024-09-13 03:38:00,2024-09-13 04:13:58,2158,5.78,16,69,17.12,2.51,0.0,1,20.63,Credit Card,Yellow Cab
100068,TX2647,2024-03-20 00:47:00,2024-03-20 01:42:25,3325,9.94,25,38,27.11,7.25,5.0,2,41.36,Credit Card,Blue Ribbon
100069,TX1893,2024-03-06 13:59:00,2024-03-06 14:24:38,1538,0.78,71,38,5.12,5.34,0.0,0,10.46,Credit Card,Taxi Affiliation
100070,TX4020,2024-02-07 14:25:00,2024-02-07 14:30:50,350,11.69,7,33,31.31,4.69,2.5,2,40.5,No Charge,Flash Cab
100071,TX3444,2024-10-26 13:45:00,2024-10-26 13:54:27,567,8.31,73,39,23.19,0.74,0.0,1,24.93,Cash,Yellow Cab
100072,TX9561,2024-02-13 09:02:00,2024-02-13 09:45:05,2585,15.41,49,58,40.23,6.06,5.0,1,52.29,No Charge,Blue Ribbon
100073,TX2625,2024-11-09 10:15:00,2024-11-09 11:00:10,2710,19.81,27,28,50.79,3.05,5.0,0,58.84,Mobile,Flash Cab
100074,TX8381,2024-02-27 10:23:00,2024-02-27 10:44:22,1282,3.89,77,61,12.59,0.75,0.0,3,16.34,Mobile,Flash Cab
100075,TX4824,2024-03-25 12:40:00,2024-03-25 13:04:40,1480,14.29,34,76,37.55,7.03,2.5,0,47.08,Credit Card,Taxi Affiliation
100076,TX2169,2024-02-12 00:55:00,2024-02-12 01:37:10,2530,4.88,8,22,14.96,1.49,0.0,1,17.45,Mobile,Medallion
100077,TX7594,2024-09-29 22:29:00,2024-09-29 23:12:51,2631,18.46,35,65,47.55,4.39,2.5,2,56.44,No Charge,Taxi Affiliation
100078,TX1423,2024-01-30 12:54:00,2024-01-30 13:39:49,2749,1.28,12,30,6.32,4.32,0.0,2,12.64,Cash,Blue Ribbon
100079,TX5557,2024-07-29 01:19:00,2024-07-29 01:26:44,464,15.38,24,75,40.16,1.75,5.0,3,49.91,No Charge,Taxi Affiliation
100080,TX6403,2024-02-03 11:17:00,2024-02-03 11:54:05,2225,7.29,53,64,20.75,3.33,0.0,1,25.08,Mobile,Taxi Affiliation
100081,TX6296,2024-10-23 11:02:00,2024-10-23 11:58:55,3415,11.23,15,52,30.2,4.55,0.0,2,36.75,Cash,Medallion
100082,TX8242,2024-06-17 10:48:00,2024-06-17 11:21:12,1992,1.56,7,27,6.99,5.18,5.0,3,20.17,Mobile,Medallion
100083,TX4920,2024-02-17 22:48:00,2024-02-17 23:12:39,1479,9.04,21,40,24.95,6.98,0.0,0,31.93,Cash,Medallion
100084,TX2924,2024-05-28 19:04:00,2024-05-28 19:15:21,681,4.88,20,64,14.96,8.41,0.0,3,26.37,Mobile,Medallion
100085,TX8483,2024-09-14 01:58:00,2024-09-14 02:21:39,1419,8.6,71,19,23.89,4.82,2.5,1,32.21,No Charge,Yellow Cab
100086,TX7798,2024-12-01 21:24:00,2024-12-01 22:09:55,2755,10.41,44,65,28.23,8.79,0.0,2,39.02,Mobile,Flash Cab
100087,TX8316,2024-04-13 05:29:00,2024-04-13 06:23:33,3273,6.32,69,62,18.42,5.87,2.5,1,27.79,Mobile,Blue Ribbon
100088,TX4912,2024-07-20 04:43:00,2024-07-20 05:40:04,3424,11.1,74,50,29.89,4.55,0.0,1,35.44,Credit Card,Taxi Affiliation
100089,TX3492,2024-01-17 03:23:00,2024-01-17 03:49:43,1603,15.02,64,5,39.3,7.05,2.5,3,51.85,Credit Card,Medallion
100090,TX9617,2024-08-03 03:04:00,2024-08-03 03:31:39,1659,17.46,59,2,45.15,8.74,2.5,0,56.39,Credit Card,Taxi Affiliation
100091,TX7512,2024-11-13 08:19:00,2024-11-13 09:08:41,2981,19.41,11,43,49.83,0.75,0.0,2,52.58,No Charge,Blue Ribbon
100092,TX2121,2024-08-16 11:03:00,2024-08-16 11:57:03,3243,17.81,31,37,45.99,4.88,5.0,0,55.87,Credit Card,Flash Cab
100093,TX3725,2024-06-07 06:06:00,2024-06-07 06:17:43,703,15.33,39,4,40.04,7.04,0.0,3,50.08,Cash,Blue Ribbon
100094,TX9702,2024-10-17 02:48:00,2024-10-17 02:56:49,529,6.22,53,73,18.18,3.75,0.0,1,22.93,Credit Card,Yellow Cab
100095,TX3344,2024-03-04 23:46:00,2024-03-04 23:56:23,623,12.39,30,60,32.99,3.83,0.0,3,39.82,Mobile,Taxi Affiliation
100096,TX2210,2024-04-03 05:04:00,2024-04-03 05:54:31,3031,0.68,57,45,4.88,8.05,0.0,1,13.93,Mobile,Taxi Affiliation
100097,TX2747,2024-09-08 14:03:00,2024-09-08 14:25:04,1324,9.41,31,49,25.83,3.02,2.5,3,34.35,Mobile,Medallion
100098,TX1132,2024-04-17 23:22:00,2024-04-18 00:14:44,3164,6.26,73,7,18.27,9.78,2.5,2,32.55,No Charge,Blue Ribbon
100099,TX5106,2024-10-09 16:31:00,2024-10-09 17:30:32,3572,4.99,18,13,15.23,8.02,0.0,1,24.25,Cash,Blue Ribbon
100100,TX5835,2024-10-14 08:59:00,2024-10-14 09:34:05,2105,1.15,42,54,6.01,3.65,0.0,0,9.66,Credit Card,Yellow Cab
100101,TX3695,2024-02-18 08:49:00,2024-02-18 09:47:41,3521,11.02,33,62,29.7,9.71,5.0,2,46.41,Mobile,Blue Ribbon
100102,TX6992,2024-10-20 01:29:00,2024-10-20 01:41:51,771,9.63,12,51,26.36,0.75,0.0,3,30.11,Cash,Blue Ribbon
100103,TX7086,2024-07-14 14:38:00,2024-07-14 14:51:26,806,9.37,14,30,25.74,6.73,0.0,3,35.47,No Charge,Flash Cab
100104,TX5951,2024-08-13 19:40:00,2024-08-13 20:23:19,2599,6.9,53,15,19.81,6.1,0.0,3,28.91,Credit Card,Flash Cab
100105,TX9807,2024-12-10 18:33:00,2024-12-10 18:40:32,452,6.44,18,50,18.71,4.93,0.0,1,24.64,No Charge,Blue Ribbon
100106,TX7797,2024-09-01 08:47:00,2024-09-01 09:42:43,3343,14.08,13,63,37.04,5.4,5.0,1,48.44,No Charge,Blue Ribbon
100107,TX2627,2024-01-13 03:52:00,2024-01-13 04:44:07,3127,7.73,48,70,21.8,4.43,0.0,2,28.23,Mobile,Flash Cab
100108,TX4475,2024-05-25 04:59:00,2024-05-25 05:22:50,1430,4.2,77,3,13.33,1.22,2.5,0,17.05,Cash,Blue Ribbon
100109,TX4538,2024-03-29 22:20:00,2024-03-29 22:33:35,815,15.85,30,43,41.29,2.05,5.0,1,49.34,Credit Card,Medallion
100110,TX3858,2024-01-02 06:46:00,2024-01-02 07:09:55,1435,17.24,15,4,44.63,1.45,0.0,2,48.08,Credit Card,Flash Cab
100111,TX5347,2024-05-10 16:22:00,2024-05-10 17:20:55,3535,15.87,7,17,41.34,5.89,0.0,1,48.23,No Charge,Medallion
100112,TX8405,2024-02-11 15:04:00,2024-02-11 15:59:54,3354,1.74,65,29,7.43,4.48,0.0,0,11.91,Cash,Medallion
100113,TX7984,2024-04-20 01:41:00,2024-04-20 02:17:16,2176,13.05,14,63,34.57,0.31,2.5,3,40.38,No Charge,Flash Cab
100114,TX9984,2024-11-23 15:54:00,2024-11-23 16:04:30,630,6.78,42,49,19.52,1.48,0.0,2,23.0,Mobile,Taxi Affiliation
100115,TX8046,2024-07-03 07:34:00,2024-07-03 08:20:19,2779,8.89,58,30,24.59,7.93,0.0,1,33.52,No Charge,Blue Ribbon
100116,TX6120,2024-10-28 12:05:00,2024-10-28 12:40:57,2157,8.28,33,48,23.12,7.3,0.0,3,33.42,Credit Card,Taxi Affiliation
100117,TX3131,2024-01-25 16:37:00,2024-01-25 16:48:13,673,16.72,72,8,43.38,0.93,0.0,2,46.31,Mobile,Flash Cab
100118,TX5712,2024-05-29 19:42:00,2024-05-29 20:11:08,1748,17.54,77,40,45.35,9.41,2.5,0,57.26,Mobile,Flash Cab
100119,TX6736,2024-07-29 15:55:00,2024-07-29 16:34:38,2378,4.65,72,48,14.41,6.57,0.0,0,20.98,Cash,Blue Ribbon
100120,TX5381,2024-07-28 06:33:00,2024-07-28 06:53:26,1226,16.24,4,24,42.23,8.45,5.0,0,55.68,Mobile,Blue Ribbon
100121,TX2140,2024-12-01 18:31:00,2024-12-01 18:59:11,1691,7.34,19,4,20.87,1.81,0.0,3,25.68,Cash,Medallion
100122,TX6314,2024-03-19 13:51:00,2024-03-19 14:21:40,1840,8.69,73,77,24.11,3.41,0.0,2,29.52,Cash,Flash Cab
100123,TX8259,2024-02-26 21:28:00,2024-02-26 21:43:44,944,15.21,55,63,39.75,0.5,0.0,2,42.25,No Charge,Taxi Affiliation
100124,TX5640,2024-04-09 16:58:00,2024-04-09 17:17:42,1182,15.22,76,63,39.78,1.14,2.5,0,43.42,Mobile,Flash Cab
100125,TX4460,2024-03-21 12:55:00,2024-03-21 13:26:58,1918,19.7,18,33,50.53,0.55,0.0,2,53.08,Mobile,Blue Ribbon
100126,TX9725,2024-02-13 22:26:00,2024-02-13 22:31:31,331,10.2,30,65,27.73,4.31,0.0,3,35.04,Mobile,Flash Cab
100127,TX8033,2024-05-24 19:39:00,2024-05-24 20:34:39,3339,1.32,74,52,6.42,0.19,0.0,2,8.61,No Charge,Blue Ribbon
100128,TX6928,2024-02-12 04:24:00,2024-02-12 04:56:39,1959,0.91,12,56,5.43,3.25,5.0,3,16.68,Cash,Yellow Cab
100129,TX4630,2024-06-07 20:59:00,2024-06-07 21:44:12,2712,8.31,43,22,23.19,0.79,0.0,2,25.98,Cash,Medallion
100130,TX3419,2024-08-18 19:12:00,2024-08-18 19:24:47,767,10.85,31,14,29.29,1.94,0.0,2,33.23,Credit Card,Blue Ribbon
100131,TX9095,2024-03-13 01:47:00,2024-03-13 02:03:50,1010,12.25,60,73,32.65,7.6,0.0,1,41.25,No Charge,Medallion
100132,TX8205,2024-08-22 08:32:00,2024-08-22 09:20:22,2902,19.74,9,61,50.63,3.23,0.0,1,54.86,No Charge,Blue Ribbon
100133,TX8565,2024-10-17 04:26:00,2024-10-17 04:49:45,1425,12.03,58,5,32.12,3.52,0.0,2,37.64,Cash,Blue Ribbon
100134,TX8581,2024-10-30 01:28:00,2024-10-30 01:52:35,1475,2.0,75,71,8.05,8.64,0.0,3,19.69,Cash,Taxi Affiliation
100135,TX2013,2024-11-27 05:23:00,2024-11-27 06:07:01,2641,13.21,58,14,34.95,3.22,2.5,1,41.67,Mobile,Flash Cab
100136,TX9586,2024-07-02 22:48:00,2024-07-02 23:37:06,2946,3.86,67,21,12.51,2.48,2.5,3,20.49,Mobile,Blue Ribbon
100137,TX6482,2024-11-30 11:03:00,2024-11-30 11:27:18,1458,8.05,9,43,22.57,7.74,5.0,0,35.31,Cash,Medallion
100138,TX6461,2024-09-04 05:46:00,2024-09-04 06:17:23,1883,6.04,11,75,17.75,7.24,5.0,1,30.99,Credit Card,Blue Ribbon
100139,TX6072,2024-04-23 04:50:00,2024-04-23 05:39:47,2987,14.12,72,49,37.14,3.92,5.0,0,46.06,Mobile,Yellow Cab
100140,TX7937,2024-09-01 05:33:00,2024-09-01 06:25:58,3178,16.66,66,47,43.23,7.39,5.0,0,55.62,Cash,Blue Ribbon
100141,TX4711,2024-04-22 16:54:00,2024-04-22 17:11:18,1038,19.05,18,20,48.97,3.42,2.5,1,55.89,Cash,Blue Ribbon
100142,TX6517,2024-11-03 16:43:00,2024-11-03 17:41:48,3528,2.47,17,77,9.18,7.71,5.0,0,21.89,No Charge,Yellow Cab
100143,TX1715,2024-02-29 07:44:00,2024-02-29 08:01:20,1040,16.71,53,47,43.35,7.71,0.0,3,54.06,Credit Card,Taxi Affiliation
100144,TX6070,2024-08-10 13:27:00,2024-08-10 13:51:27,1467,15.17,61,25,39.66,7.84,0.0,1,48.5,Mobile,Medallion
100145,TX3655,2024-06-09 15:59:00,2024-06-09 16:35:31,2191,15.5,26,18,40.45,7.78,5.0,3,56.23,Mobile,Flash Cab
100146,TX5670,2024-08-21 16:42:00,2024-08-21 17:19:48,2268,17.55,11,21,45.37,5.55,0.0,0,50.92,Mobile,Taxi Affiliation
100147,TX6727,2024-11-25 20:41:00,2024-11-25 21:21:02,2402,3.37,4,54,11.34,4.37,0.0,3,18.71,Cash,Taxi Affiliation
100148,TX1461,2024-07-02 00:36:00,2024-07-02 01:06:31,1831,5.1,41,13,15.49,9.95,0.0,1,26.44,Mobile,Yellow Cab
100149,TX8349,2024-02-20 08:21:00,2024-02-20 08:28:36,456,6.09,1,11,17.87,8.3,0.0,3,29.17,Cash,Blue Ribbon
100150,TX2821,2024-03-19 18:25:00,2024-03-19 18:40:12,912,11.2,37,31,30.13,7.27,5.0,3,45.4,Mobile,Flash Cab
100151,TX2816,2024-01-18 15:14:00,2024-01-18 15:35:16,1276,8.69,64,77,24.11,7.94,2.5,0,34.55,Cash,Medallion
100152,TX4941,2024-07-28 14:50:00,2024-07-28 15:11:30,1290,14.51,74,54,38.07,2.91,0.0,2,42.98,Credit Card,Flash Cab
100153,TX7397,2024-07-09 20:16:00,2024-07-09 20:45:37,1777,1.82,61,6,7.62,5.26,5.0,0,17.88,No Charge,Blue Ribbon
100154,TX2698,2024-04-02 14:25:00,2024-04-02 15:21:01,3361,0.82,75,43,5.22,7.89,0.0,1,14.11,Credit Card,Flash Cab
100155,TX3986,2024-05-08 12:26:00,2024-05-08 13:08:16,2536,7.1,18,9,20.29,6.43,2.5,3,32.22,No Charge,Flash Cab
100156,TX6080,2024-04-17 02:08:00,2024-04-17 02:26:45,1125,1.35,66,51,6.49,1.99,0.0,2,10.48,No Charge,Blue Ribbon
100157,TX5476,2024-01-14 13:59:00,2024-01-14 14:55:25,3385,13.11,16,48,34.71,2.86,0.0,2,39.57,No Charge,Taxi Affiliation
100158,TX9151,2024-09-27 21:07:00,2024-09-27 21:42:01,2101,17.95,48,67,46.33,3.87,0.0,3,53.2,Mobile,Flash Cab
100159,TX6262,2024-09-21 23:20:00,2024-09-21 23:53:58,2038,2.04,14,11,8.15,6.02,0.0,2,16.17,Mobile,Blue Ribbon
100160,TX8325,2024-04-21 20:12:00,2024-04-21 20:47:26,2126,12.25,6,46,32.65,4.26,2.5,2,41.41,No Charge,Blue Ribbon
100161,TX9406,2024-08-21 01:46:00,2024-08-21 02:45:01,3541,18.98,21,4,48.8,0.75,2.5,2,54.05,Credit Card,Medallion
100162,TX6933,2024-09-04 03:13:00,2024-09-04 04:11:20,3500,9.04,50,73,24.95,1.26,0.0,2,28.21,Cash,Medallion
100163,TX3255,2024-02-26 02:45:00,2024-02-26 03:36:21,3081,9.27,68,47,25.5,3.71,2.5,0,31.71,No Charge,Blue Ribbon
100164,TX9482,2024-08-24 17:56:00,2024-08-24 18:20:01,1441,5.37,50,72,16.14,1.13,0.0,3,20.27,Cash,Blue Ribbon
100165,TX9047,2024-10-09 09:44:00,2024-10-09 10:06:46,1366,14.23,26,16,37.4,2.15,5.0,2,46.55,Credit Card,Flash Cab
100166,TX6692,2024-06-13 20:00:00,2024-06-13 20:16:47,1007,18.02,9,71,46.5,4.45,0.0,2,52.95,Mobile,Blue Ribbon
100167,TX9335,2024-11-06 05:18:00,2024-11-06 05:33:45,945,14.38,29,16,37.76,9.27,0.0,2,49.03,Credit Card,Yellow Cab
100168,TX8657,2024-03-27 10:37:00,2024-03-27 11:35:57,3537,10.13,71,17,27.56,3.61,5.0,2,38.17,Cash,Flash Cab
100169,TX7708,2024-04-22 20:37:00,2024-04-22 21:09:10,1930,19.99,74,10,51.23,7.19,5.0,3,66.42,Credit Card,Blue Ribbon
100170,TX3981,2024-08-22 02:50:00,2024-08-22 03:00:03,603,9.27,17,56,25.5,6.8,0.0,1,33.3,Cash,Flash Cab
100171,TX9501,2024-07-07 21:14:00,2024-07-07 21:29:26,926,6.43,37,11,18.68,1.62,0.0,2,22.3,Mobile,Yellow Cab
100172,TX9234,2024-08-19 11:12:00,2024-08-19 11:54:36,2556,5.85,22,76,17.29,6.25,5.0,0,28.54,Credit Card,Yellow Cab
100173,TX1464,2024-08-28 02:05:00,2024-08-28 02:52:37,2857,14.55,11,6,38.17,6.05,5.0,0,49.22,Mobile,Yellow Cab
100174,TX5949,2024-10-06 11:47:00,2024-10-06 12:31:03,2643,8.62,62,32,23.94,6.39,2.5,2,34.83,No Charge,Blue Ribbon
100175,TX8609,2024-06-14 09:07:00,2024-06-14 09:16:58,598,13.93,27,44,36.68,1.58,2.5,3,43.76,Credit Card,Blue Ribbon
100176,TX3142,2024-11-09 21:46:00,2024-11-09 22:40:02,3242,6.73,48,66,19.4,9.88,0.0,3,32.28,Cash,Blue Ribbon
100177,TX1829,2024-03-29 06:20:00,2024-03-29 06:56:50,2210,2.89,38,50,10.19,4.5,0.0,0,14.69,No Charge,Yellow Cab
100178,TX3610,2024-11-11 07:10:00,2024-11-11 07:25:54,954,16.36,64,66,42.51,9.34,0.0,1,52.85,No Charge,Taxi Affiliation
100179,TX4944,2024-11-16 07:28:00,2024-11-16 07:54:03,1563,10.2,28,75,27.73,0.9,2.5,3,34.13,Mobile,Flash Cab
100180,TX9793,2024-01-19 15:37:00,2024-01-19 16:01:12,1452,10.15,2,14,27.61,8.82,2.5,2,40.93,No Charge,Yellow Cab
100181,TX7563,2024-11-17 13:00:00,2024-11-17 13:23:03,1383,14.69,7,73,38.51,7.64,0.0,0,46.15,Credit Card,Blue Ribbon
100182,TX2946,2024-07-20 16:08:00,2024-07-20 16:32:42,1482,1.93,17,13,7.88,5.04,5.0,2,19.92,No Charge,Blue Ribbon
100183,TX9341,2024-10-16 15:55:00,2024-10-16 16:23:08,1688,11.38,52,65,30.56,3.66,0.0,1,35.22,Cash,Flash Cab
100184,TX3440,2024-01-15 10:02:00,2024-01-15 10:16:21,861,14.42,66,18,37.86,8.04,5.0,3,53.9,Mobile,Medallion
100185,TX9311,2024-04-26 05:21:00,2024-04-26 05:37:05,965,8.16,66,69,22.83,6.17,0.0,2,31.0,No Charge,Medallion
100186,TX6040,2024-04-19 09:36:00,2024-04-19 10:13:25,2245,16.41,4,77,42.63,3.68,0.0,3,49.31,No Charge,Blue Ribbon
100187,TX8871,2024-08-26 22:38:00,2024-08-26 23:36:26,3506,19.46,22,68,49.95,5.78,0.0,0,55.73,No Charge,Yellow Cab
100188,TX1310,2024-10-26 09:47:00,2024-10-26 10:38:28,3088,5.22,57,41,15.78,5.73,0.0,1,22.51,No Charge,Yellow Cab
100189,TX2020,2024-05-30 14:30:00,2024-05-30 15:22:08,3128,4.48,18,67,14.0,5.02,5.0,3,27.02,Credit Card,Medallion
100190,TX9734,2024-04-28 14:19:00,2024-04-28 15:09:12,3012,9.83,44,70,26.84,3.77,0.0,3,33.61,Mobile,Blue Ribbon
100191,TX4684,2024-08-10 08:55:00,2024-08-10 09:33:03,2283,4.25,39,37,13.45,2.47,5.0,2,22.92,Credit Card,Taxi Affiliation
100192,TX2996,2024-04-25 16:20:00,2024-04-25 16:57:45,2265,7.3,74,70,20.77,9.34,0.0,2,32.11,No Charge,Taxi Affiliation
100193,TX5712,2024-10-25 05:05:00,2024-10-25 05:33:33,1713,19.11,11,45,49.11,8.05,0.0,0,57.16,No Charge,Blue Ribbon
100194,TX3249,2024-09-29 08:20:00,2024-09-29 08:57:42,2262,4.67,14,76,14.46,8.28,0.0,2,24.74,Credit Card,Yellow Cab
100195,TX2641,2024-01-19 17:35:00,2024-01-19 18:25:43,3043,18.15,53,43,46.81,2.26,0.0,0,49.07,No Charge,Flash Cab
100196,TX8793,2024-09-05 06:20:00,2024-09-05 07:17:37,3457,3.18,62,26,10.88,9.65,0.0,3,23.53,Mobile,Blue Ribbon
100197,TX9767,2024-04-14 03:59:00,2024-04-14 04:48:05,2945,1.65,5,23,7.21,7.69,5.0,1,20.9,No Charge,Yellow Cab
100198,TX5742,2024-12-06 06:44:00,2024-12-06 06:51:28,448,19.94,5,2,51.11,3.97,2.5,1,58.58,Mobile,Medallion
100199,TX3198,2024-08-07 17:11:00,2024-08-07 17:23:19,739,18.6,65,60,47.89,3.35,2.5,3,56.74,Mobile,Yellow Cab
100200,TX1230,2024-10-21 17:31:00,2024-10-21 17:43:41,761,6.95,44,38,19.93,7.31,0.0,1,28.24,Credit Card,Yellow Cab
100201,TX2421,2024-08-10 16:36:00,2024-08-10 17:24:36,2916,17.99,52,13,46.43,8.27,5.0,2,61.7,Credit Card,Yellow Cab
100202,TX8319,2024-06-23 02:03:00,2024-06-23 02:30:05,1625,18.75,35,43,48.25,0.07,2.5,1,51.82,Mobile,Medallion
100203,TX2936,2024-09-20 10:38:00,2024-09-20 11:22:06,2646,0.72,60,40,4.98,6.54,0.0,0,11.52,Credit Card,Taxi Affiliation
100204,TX5833,2024-09-07 01:00:00,2024-09-07 01:39:18,2358,18.5,48,29,47.65,8.88,0.0,0,56.53,Credit Card,Yellow Cab
100205,TX9998,2024-06-23 08:25:00,2024-06-23 08:40:27,927,9.37,61,69,25.74,9.89,0.0,3,38.63,Credit Card,Yellow Cab
100206,TX9653,2024-09-04 22:55:00,2024-09-04 23:51:31,3391,12.12,47,10,32.34,7.87,5.0,3,48.21,Cash,Flash Cab
100207,TX3695,2024-10-28 23:56:00,2024-10-29 00:38:23,2543,18.11,42,67,46.71,2.02,5.0,1,54.73,No Charge,Flash Cab
100208,TX1911,2024-09-04 22:30:00,2024-09-04 22:49:01,1141,14.48,59,17,38.0,4.89,5.0,3,50.89,No Charge,Taxi Affiliation
100209,TX7487,2024-07-24 13:31:00,2024-07-24 13:39:56,536,11.4,33,1,30.61,6.73,0.0,0,37.34,Credit Card,Medallion
100210,TX2130,2024-01-27 20:08:00,2024-01-27 20:16:05,485,8.76,61,5,24.27,7.0,5.0,0,36.27,Mobile,Taxi Affiliation
100211,TX7266,2024-03-06 18:42:00,2024-03-06 19:39:29,3449,3.14,58,49,10.79,6.42,2.5,2,21.71,No Charge,Flash Cab
100212,TX3924,2024-09-05 19:47:00,2024-09-05 20:37:10,3010,17.55,69,51,45.37,1.33,0.0,0,46.7,Credit Card,Yellow Cab
100213,TX9715,2024-10-31 04:46:00,2024-10-31 04:51:14,314,15.25,49,30,39.85,9.78,2.5,3,55.13,Credit Card,Taxi Affiliation
100214,TX7868,2024-05-06 06:47:00,2024-05-06 07:02:35,935,5.88,3,31,17.36,9.37,0.0,0,26.73,Credit Card,Flash Cab
100215,TX1724,2024-02-06 23:38:00,2024-02-07 00:23:32,2732,1.15,52,57,6.01,5.98,0.0,1,12.99,Credit Card,Medallion
100216,TX4836,2024-03-20 08:31:00,2024-03-20 09:27:29,3389,17.34,74,41,44.87,0.56,5.0,2,52.43,Mobile,Yellow Cab
100217,TX5508,2024-04-20 02:51:00,2024-04-20 03:05:46,886,19.72,8,72,50.58,5.21,2.5,2,60.29,Credit Card,Taxi Affiliation
100218,TX7821,2024-07-21 15:05:00,2024-07-21 15:43:50,2330,1.41,53,20,6.63,3.44,2.5,2,14.57,Mobile,Taxi Affiliation
100219,TX3365,2024-03-08 04:45:00,2024-03-08 05:41:30,3390,10.99,60,8,29.63,2.41,0.0,2,34.04,No Charge,Taxi Affiliation
100220,TX2295,2024-07-22 03:38:00,2024-07-22 04:19:10,2470,3.11,58,48,10.71,2.43,0.0,2,15.14,Cash,Medallion
100221,TX2192,2024-09-21 01:31:00,2024-09-21 01:49:00,1080,1.5,25,76,6.85,3.77,5.0,0,15.62,Credit Card,Taxi Affiliation
100222,TX2922,2024-03-17 07:18:00,2024-03-17 07:45:43,1663,6.41,62,32,18.63,9.09,0.0,1,28.72,Credit Card,Taxi Affiliation
100223,TX9743,2024-11-29 10:29:00,2024-11-29 10:50:20,1280,11.27,46,40,30.3,7.76,2.5,3,43.56,Mobile,Blue Ribbon
100224,TX4328,2024-07-05 23:03:00,2024-07-05 23:41:56,2336,9.59,48,41,26.27,8.03,2.5,2,38.8,No Charge,Flash Cab
100225,TX5836,2024-07-24 01:24:00,2024-07-24 01:44:06,1206,14.95,20,26,39.13,0.16,5.0,3,47.29,Mobile,Yellow Cab
100226,TX9005,2024-05-18 13:05:00,2024-05-18 13:48:53,2633,16.75,63,59,43.45,4.99,0.0,2,50.44,Credit Card,Blue Ribbon
100227,TX9584,2024-03-02 21:03:00,2024-03-02 21:17:33,873,14.55,5,10,38.17,4.88,5.0,0,48.05,Cash,Flash Cab
100228,TX4583,2024-05-30 09:32:00,2024-05-30 09:46:23,863,16.93,65,59,43.88,2.31,0.0,0,46.19,Mobile,Flash Cab
100229,TX1257,2024-08-13 04:43:00,2024-08-13 05:31:32,2912,13.5,1,69,35.65,6.17,2.5,3,47.32,No Charge,Flash Cab
100230,TX9228,2024-01-07 08:09:00,2024-01-07 08:50:08,2468,14.58,56,23,38.24,5.36,0.0,0,43.6,Cash,Flash Cab
100231,TX5379,2024-07-10 04:08:00,2024-07-10 04:23:09,909,5.2,51,11,15.73,6.2,0.0,2,23.93,Mobile,Taxi Affiliation
100232,TX1519,2024-06-16 08:47:00,2024-06-16 09:30:34,2614,5.24,12,52,15.83,6.97,0.0,0,22.8,No Charge,Taxi Affiliation
100233,TX9189,2024-07-20 11:34:00,2024-07-20 12:11:29,2249,1.59,56,43,7.07,0.09,0.0,0,7.16,Cash,Medallion
100234,TX5441,2024-11-30 21:40:00,2024-11-30 21:47:54,474,4.98,6,10,15.2,9.01,5.0,3,32.21,Mobile,Medallion
100235,TX4394,2024-07-24 10:01:00,2024-07-24 10:50:55,2995,1.14,76,19,5.99,9.29,0.0,0,15.28,No Charge,Flash Cab
100236,TX7288,2024-04-19 05:07:00,2024-04-19 05:23:05,965,11.5,18,11,30.85,5.67,2.5,2,41.02,Mobile,Flash Cab
100237,TX6347,2024-02-05 19:35:00,2024-02-05 20:09:50,2090,5.03,4,35,15.32,0.76,5.0,3,24.08,No Charge,Taxi Affiliation
100238,TX2404,2024-03-24 07:30:00,2024-03-24 07:59:17,1757,11.28,38,32,30.32,3.75,0.0,3,37.07,Cash,Flash Cab
100239,TX6188,2024-04-07 19:34:00,2024-04-07 19:49:31,931,7.91,47,14,22.23,7.84,0.0,3,33.07,Cash,Flash Cab
100240,TX2430,2024-12-09 13:42:00,2024-12-09 14:08:02,1562,9.17,24,56,25.26,7.61,0.0,1,33.87,No Charge,Medallion
100241,TX6315,2024-07-21 05:23:00,2024-07-21 06:02:58,2398,8.46,50,2,23.55,0.26,0.0,0,23.81,Mobile,Taxi Affiliation
100242,TX7237,2024-05-21 10:38:00,2024-05-21 11:36:11,3491,2.15,22,18,8.41,9.01,0.0,1,18.42,Mobile,Blue Ribbon
100243,TX5911,2024-04-07 23:22:00,2024-04-08 00:00:39,2319,3.35,62,10,11.29,1.67,0.0,3,15.96,Mobile,Blue Ribbon
100244,TX8501,2024-12-10 00:44:00,2024-12-10 01:05:50,1310,14.56,14,18,38.19,4.96,5.0,1,49.15,Mobile,Flash Cab
100245,TX6484,2024-12-11 16:56:00,2024-12-11 17:28:00,1920,6.98,56,77,20.0,6.2,0.0,3,29.2,Credit Card,Blue Ribbon
100246,TX7524,2024-04-27 00:00:00,2024-04-27 00:46:10,2770,18.97,41,38,48.78,2.01,0.0,1,51.79,No Charge,Medallion
100247,TX2865,2024-10-11 22:59:00,2024-10-11 23:20:32,1292,6.85,73,26,19.69,2.8,2.5,2,26.99,Credit Card,Medallion
100248,TX2133,2024-01-11 01:11:00,2024-01-11 02:05:38,3278,9.5,53,64,26.05,7.08,2.5,2,37.63,Credit Card,Blue Ribbon
100249,TX8357,2024-03-29 08:48:00,2024-03-29 09:10:14,1334,13.34,77,62,35.27,7.15,2.5,0,44.92,No Charge,Medallion
100250,TX2791,2024-07-03 16:50:00,2024-07-03 17:42:13,3133,8.66,32,46,24.03,0.37,0.0,0,24.4,Credit Card,Medallion
100251,TX8052,2024-01-17 09:04:00,2024-01-17 09:47:26,2606,19.68,14,2,50.48,6.77,2.5,2,61.75,Cash,Blue Ribbon
100252,TX8303,2024-03-22 01:52:00,2024-03-22 02:31:51,2391,15.06,48,51,39.39,5.58,5.0,1,50.97,No Charge,Medallion
100253,TX5840,2024-09-08 15:07:00,2024-09-08 15:46:09,2349,3.44,54,11,11.51,9.98,2.5,0,23.99,Cash,Yellow Cab
100254,TX6706,2024-05-07 01:44:00,2024-05-07 02:10:17,1577,7.19,61,13,20.51,7.84,5.0,3,36.35,No Charge,Taxi Affiliation
100255,TX6620,2024-04-26 08:40:00,2024-04-26 08:49:35,575,6.36,14,22,18.51,8.1,0.0,0,26.61,Credit Card,Medallion
100256,TX7636,2024-03-04 18:23:00,2024-03-04 19:05:40,2560,3.62,24,24,11.94,5.6,2.5,1,21.04,No Charge,Taxi Affiliation
100257,TX7370,2024-01-11 21:05:00,2024-01-11 22:00:20,3320,12.48,1,28,33.2,1.97,5.0,3,43.17,Credit Card,Blue Ribbon
100258,TX6993,2024-10-01 03:55:00,2024-10-01 04:48:02,3182,16.27,42,26,42.3,0.63,0.0,1,43.93,No Charge,Flash Cab
100259,TX7431,2024-04-05 18:28:00,2024-04-05 19:18:47,3047,17.32,76,15,44.82,5.28,0.0,3,53.1,Mobile,Blue Ribbon
100260,TX3194,2024-11-04 02:14:00,2024-11-04 02:50:15,2175,12.54,41,16,33.35,8.14,0.0,0,41.49,Credit Card,Blue Ribbon
100261,TX3258,2024-02-12 19:54:00,2024-02-12 20:11:29,1049,7.78,74,50,21.92,1.41,2.5,3,28.83,No Charge,Yellow Cab
100262,TX9022,2024-06-26 10:35:00,2024-06-26 11:23:23,2903,10.98,37,18,29.6,9.19,0.0,1,39.79,Credit Card,Blue Ribbon
100263,TX3236,2024-11-02 19:22:00,2024-11-02 19:57:47,2147,12.58,25,50,33.44,8.66,0.0,3,45.1,No Charge,Taxi Affiliation
100264,TX2354,2024-09-06 12:58:00,2024-09-06 13:36:34,2314,8.6,73,4,23.89,8.4,2.5,1,35.79,Credit Card,Blue Ribbon
100265,TX9369,2024-01-13 03:41:00,2024-01-13 04:04:45,1425,4.88,15,74,14.96,2.89,2.5,3,23.35,Cash,Blue Ribbon
100266,TX9951,2024-10-09 11:02:00,2024-10-09 11:44:04,2524,16.55,28,55,42.97,3.67,0.0,3,49.64,Cash,Yellow Cab
100267,TX2923,2024-04-18 15:25:00,2024-04-18 15:32:12,432,9.27,31,27,25.5,3.49,0.0,3,31.99,Mobile,Medallion
100268,TX1972,2024-08-18 15:14:00,2024-08-18 15:48:13,2053,3.74,73,45,12.23,1.39,0.0,1,14.62,Mobile,Medallion
100269,TX9428,2024-07-15 09:49:00,2024-07-15 10:05:29,989,6.81,13,18,19.59,7.04,0.0,2,28.63,No Charge,Flash Cab
100270,TX6277,2024-04-11 05:17:00,2024-04-11 06:06:46,2986,2.97,32,51,10.38,8.66,0.0,1,20.04,No Charge,Yellow Cab
100271,TX2525,2024-07-29 11:37:00,2024-07-29 12:25:10,2890,5.74,52,66,17.03,4.14,2.5,0,23.67,Mobile,Blue Ribbon
100272,TX6869,2024-06-14 19:11:00,2024-06-14 19:49:19,2299,6.88,9,69,19.76,0.02,0.0,3,22.78,No Charge,Yellow Cab
100273,TX9967,2024-06-05 16:16:00,2024-06-05 16:35:27,1167,10.15,74,17,27.61,3.23,0.0,2,32.84,No Charge,Blue Ribbon
100274,TX3035,2024-11-21 19:14:00,2024-11-21 20:05:35,3095,15.36,21,57,40.11,0.46,2.5,0,43.07,No Charge,Flash Cab
100275,TX5489,2024-06-05 00:10:00,2024-06-05 00:28:48,1128,19.92,12,47,51.06,9.09,0.0,1,61.15,Mobile,Flash Cab
100276,TX4836,2024-05-15 15:13:00,2024-05-15 16:03:21,3021,18.12,55,12,46.74,1.66,2.5,2,52.9,Cash,Flash Cab
100277,TX1152,2024-03-18 22:54:00,2024-03-18 23:31:33,2253,2.02,2,44,8.1,5.94,5.0,3,22.04,Cash,Taxi Affiliation
100278,TX2690,2024-09-09 22:32:00,2024-09-09 22:46:01,841,9.82,41,48,26.82,2.29,0.0,0,29.11,Mobile,Yellow Cab
100279,TX9691,2024-05-19 14:16:00,2024-05-19 15:13:48,3468,16.36,73,2,42.51,8.74,0.0,0,51.25,Credit Card,Taxi Affiliation
100280,TX4559,2024-05-08 02:43:00,2024-05-08 03:37:19,3259,4.65,12,13,14.41,7.48,2.5,3,27.39,Credit Card,Flash Cab
100281,TX5059,2024-08-02 21:46:00,2024-08-02 22:40:50,3290,7.99,36,11,22.43,9.63,0.0,1,33.06,Credit Card,Medallion
100282,TX4366,2024-08-07 01:36:00,2024-08-07 02:21:57,2757,14.56,67,66,38.19,2.85,0.0,2,43.04,Credit Card,Taxi Affiliation
100283,TX7322,2024-04-17 20:29:00,2024-04-17 21:18:06,2946,1.56,15,31,6.99,8.98,0.0,3,18.97,No Charge,Medallion
100284,TX3162,2024-01-27 02:30:00,2024-01-27 03:11:03,2463,17.83,50,73,46.04,0.12,0.0,2,48.16,No Charge,Blue Ribbon
100285,TX2106,2024-07-18 04:08:00,2024-07-18 04:59:37,3097,3.87,2,34,12.54,4.71,0.0,0,17.25,Credit Card,Flash Cab
100286,TX7939,2024-12-02 03:37:00,2024-12-02 03:46:07,547,19.0,52,11,48.85,3.98,0.0,3,55.83,Credit Card,Blue Ribbon
100287,TX7401,2024-01-31 16:28:00,2024-01-31 16:54:09,1569,2.04,76,9,8.15,9.21,0.0,2,19.36,Mobile,Taxi Affiliation
100288,TX8428,2024-09-23 00:28:00,2024-09-23 00:49:17,1277,1.63,8,40,7.16,0.86,2.5,0,10.52,Credit Card,Flash Cab
100289,TX9568,2024-01-05 20:40:00,2024-01-05 21:33:19,3199,3.18,67,34,10.88,0.11,2.5,2,15.49,Credit Card,Blue Ribbon
100290,TX6488,2024-02-16 11:08:00,2024-02-16 12:04:11,3371,15.73,55,35,41.0,2.69,0.0,0,43.69,Cash,Blue Ribbon
100291,TX1908,2024-09-16 14:22:00,2024-09-16 15:06:21,2661,12.74,64,73,33.83,4.96,5.0,2,45.79,Credit Card,Blue Ribbon
100292,TX9336,2024-02-27 12:35:00,2024-02-27 12:57:24,1344,15.58,1,6,40.64,8.94,0.0,1,50.58,Cash,Yellow Cab
100293,TX7870,2024-01-17 23:47:00,2024-01-18 00:24:12,2232,7.6,29,42,21.49,9.2,0.0,0,30.69,Credit Card,Taxi Affiliation
100294,TX2956,2024-11-29 16:51:00,2024-11-29 17:45:10,3250,6.74,65,7,19.43,8.26,5.0,2,34.69,Credit Card,Yellow Cab
100295,TX5625,2024-10-20 02:24:00,2024-10-20 03:04:12,2412,19.64,40,42,50.39,9.54,0.0,3,62.93,Cash,Medallion
100296,TX8600,2024-06-15 13:06:00,2024-06-15 13:11:32,332,7.69,48,76,21.71,2.92,0.0,1,25.63,No Charge,Yellow Cab
100297,TX1391,2024-09-23 22:21:00,2024-09-23 23:03:18,2538,15.33,30,70,40.04,2.45,0.0,3,45.49,Mobile,Flash Cab
100298,TX4361,2024-12-12 11:52:00,2024-12-12 12:19:52,1672,0.53,68,31,4.52,6.57,0.0,0,11.09,No Charge,Taxi Affiliation
100299,TX7102,2024-01-23 01:22:00,2024-01-23 01:36:43,883,14.38,59,11,37.76,0.93,0.0,3,41.69,Cash,Medallion
100300,TX8126,2024-02-18 20:39:00,2024-02-18 21:27:30,2910,16.49,17,31,42.83,0.75,5.0,0,48.58,Mobile,Blue Ribbon
100301,TX8417,2024-11-06 01:23:00,2024-11-06 01:49:30,1590,18.56,35,30,47.79,3.93,0.0,2,53.72,Cash,Yellow Cab
100302,TX8365,2024-02-19 19:21:00,2024-02-19 20:19:14,3494,15.52,60,41,40.5,1.09,0.0,1,42.59,No Charge,Flash Cab
100303,TX5341,2024-07-14 08:58:00,2024-07-14 09:27:27,1767,19.31,16,12,49.59,2.08,0.0,3,54.67,Credit Card,Blue Ribbon
100304,TX2494,2024-10-28 03:04:00,2024-10-28 03:57:06,3186,14.09,32,46,37.07,0.4,0.0,1,38.47,No Charge,Medallion
100305,TX7625,2024-01-19 01:44:00,2024-01-19 02:35:13,3073,6.33,58,72,18.44,8.2,0.0,0,26.64,Credit Card,Flash Cab
100306,TX4641,2024-06-17 11:23:00,2024-06-17 11:34:57,717,16.18,17,26,42.08,1.4,0.0,0,43.48,No Charge,Blue Ribbon
100307,TX2228,2024-09-07 02:51:00,2024-09-07 03:39:01,2881,18.78,3,9,48.32,0.84,5.0,2,56.16,Credit Card,Taxi Affiliation
100308,TX1699,2024-10-21 21:45:00,2024-10-21 21:58:47,827,2.29,60,7,8.75,8.47,0.0,0,17.22,Credit Card,Medallion
100309,TX6799,2024-06-06 22:58:00,2024-06-06 23:52:27,3267,8.2,28,24,22.93,0.29,2.5,1,26.72,Mobile,Blue Ribbon
100310,TX9173,2024-06-11 15:18:00,2024-06-11 15:33:08,908,1.18,53,71,6.08,6.19,0.0,2,14.27,No Charge,Flash Cab
100311,TX9907,2024-02-02 04:31:00,2024-02-02 04:55:05,1445,7.97,3,49,22.38,4.19,5.0,1,32.57,Mobile,Taxi Affiliation
100312,TX7363,2024-07-17 12:04:00,2024-07-17 13:02:20,3500,9.95,35,24,27.13,9.13,5.0,2,43.26,Cash,Blue Ribbon
100313,TX8728,2024-08-05 15:40:00,2024-08-05 15:59:57,1197,1.07,68,46,5.82,8.11,0.0,0,13.93,Credit Card,Yellow Cab
100314,TX7363,2024-02-06 16:59:00,2024-02-06 17:20:55,1315,13.31,46,23,35.19,2.67,0.0,1,38.86,Credit Card,Yellow Cab
100315,TX6761,2024-08-03 23:30:00,2024-08-03 23:56:42,1602,16.22,73,73,42.18,6.98,5.0,0,54.16,Credit Card,Medallion
100316,TX3876,2024-12-11 12:58:00,2024-12-11 13:15:51,1071,16.82,63,5,43.62,8.1,2.5,2,56.22,Cash,Flash Cab
100317,TX4300,2024-03-25 22:41:00,2024-03-25 23:27:04,2764,4.77,17,44,14.7,5.26,0.0,2,21.96,Credit Card,Blue Ribbon
100318,TX9622,2024-01-22 22:24:00,2024-01-22 22:30:29,389,3.38,47,10,11.36,7.05,0.0,0,18.41,Mobile,Taxi Affiliation
100319,TX8982,2024-08-01 14:41:00,2024-08-01 14:52:53,713,7.06,41,23,20.19,3.23,0.0,3,26.42,Mobile,Yellow Cab
100320,TX3911,2024-08-30 13:30:00,2024-08-30 14:15:12,2712,16.38,1,74,42.56,3.78,0.0,1,47.34,No Charge,Medallion
100321,TX2705,2024-01-13 00:57:00,2024-01-13 01:14:25,1045,12.25,64,19,32.65,9.21,5.0,1,47.86,Mobile,Flash Cab
100322,TX8317,2024-03-27 21:38:00,2024-03-27 22:06:40,1720,19.66,2,34,50.43,1.68,0.0,2,54.11,Credit Card,Yellow Cab
100323,TX7323,2024-09-09 15:03:00,2024-09-09 15:12:37,577,7.33,57,54,20.84,7.87,0.0,0,28.71,Credit Card,Taxi Affiliation
100324,TX3664,2024-06-28 18:36:00,2024-06-28 19:06:51,1851,7.35,58,10,20.89,3.75,2.5,1,28.14,Cash,Blue Ribbon
100325,TX7151,2024-01-08 13:26:00,2024-01-08 13:52:45,1605,5.59,21,10,16.67,1.05,0.0,1,18.72,Cash,Blue Ribbon
100326,TX8113,2024-08-04 12:43:00,2024-08-04 13:29:53,2813,17.92,21,7,46.26,7.05,2.5,1,56.81,Cash,Blue Ribbon
100327,TX5612,2024-03-16 02:07:00,2024-03-16 02:24:58,1078,8.48,39,31,23.6,5.54,5.0,2,36.14,Cash,Flash Cab
100328,TX1062,2024-05-23 07:13:00,2024-05-23 07:57:01,2641,11.22,55,12,30.18,4.91,0.0,2,37.09,Mobile,Medallion
100329,TX8758,2024-06-24 03:10:00,2024-06-24 03:28:37,1117,2.39,15,40,8.99,2.07,0.0,0,11.06,No Charge,Taxi Affiliation
100330,TX7078,2024-06-27 07:47:00,2024-06-27 08:37:07,3007,5.67,49,48,16.86,6.42,2.5,1,26.78,Credit Card,Taxi Affiliation
100331,TX3476,2024-01-17 11:52:00,2024-01-17 12:14:58,1378,9.07,13,11,25.02,2.63,0.0,0,27.65,Mobile,Medallion
100332,TX9773,2024-05-30 23:28:00,2024-05-31 00:24:38,3398,12.0,61,74,32.05,5.54,2.5,3,43.09,Credit Card,Taxi Affiliation
100333,TX2970,2024-04-19 01:24:00,2024-04-19 01:34:23,623,8.2,58,23,22.93,8.54,0.0,1,32.47,Credit Card,Yellow Cab
100334,TX3422,2024-10-21 14:26:00,2024-10-21 14:44:09,1089,2.96,77,34,10.35,4.23,2.5,1,18.08,Mobile,Flash Cab
100335,TX1202,2024-02-01 22:27:00,2024-02-01 22:58:29,1889,11.35,76,67,30.49,5.52,0.0,3,39.01,No Charge,Flash Cab
100336,TX2654,2024-05-31 03:27:00,2024-05-31 03:42:12,912,3.39,37,69,11.39,5.88,0.0,0,17.27,Mobile,Taxi Affiliation
100337,TX3821,2024-04-06 10:03:00,2024-04-06 10:34:08,1868,13.27,36,52,35.1,5.72,2.5,0,43.32,Credit Card,Medallion
100338,TX1807,2024-08-09 20:30:00,2024-08-09 21:21:28,3088,14.03,61,35,36.92,0.39,0.0,1,38.31,Mobile,Flash Cab
100339,TX4734,2024-05-03 06:19:00,2024-05-03 07:18:10,3550,6.41,18,39,18.63,2.8,2.5,0,23.93,No Charge,Blue Ribbon
100340,TX4463,2024-04-08 08:13:00,2024-04-08 09:07:45,3285,8.63,53,63,23.96,6.46,0.0,3,33.42,Mobile,Flash Cab
100341,TX3222,2024-07-06 20:29:00,2024-07-06 21:28:01,3541,3.6,68,73,11.89,3.11,5.0,3,23.0,Cash,Yellow Cab
100342,TX6904,2024-03-11 10:23:00,2024-03-11 10:41:42,1122,16.82,26,36,43.62,2.49,2.5,0,48.61,Mobile,Taxi Affiliation
100343,TX7102,2024-07-03 03:51:00,2024-07-03 04:23:05,1925,12.89,63,77,34.19,1.24,0.0,1,36.43,No Charge,Yellow Cab
100344,TX2480,2024-11-13 04:22:00,2024-11-13 04:59:23,2243,11.94,37,4,31.91,3.5,0.0,2,37.41,No Charge,Flash Cab
100345,TX4387,2024-02-29 13:30:00,2024-02-29 14:14:03,2643,15.71,35,53,40.95,2.14,0.0,1,44.09,Cash,Flash Cab
100346,TX5135,2024-06-21 20:43:00,2024-06-21 20:57:01,841,13.12,40,36,34.74,6.01,0.0,1,41.75,No Charge,Taxi Affiliation
100347,TX2676,2024-11-06 07:16:00,2024-11-06 07:44:48,1728,9.45,1,66,25.93,2.18,0.0,3,31.11,Mobile,Medallion
100348,TX2045,2024-08-23 22:33:00,2024-08-23 23:18:32,2732,12.38,44,36,32.96,2.98,0.0,3,38.94,Mobile,Blue Ribbon
100349,TX3456,2024-04-05 07:56:00,2024-04-05 08:45:47,2987,14.37,67,31,37.74,8.92,0.0,1,47.66,Cash,Medallion
100350,TX5843,2024-05-27 09:03:00,2024-05-27 09:53:05,3005,6.73,34,54,19.4,1.4,0.0,3,23.8,No Charge,Taxi Affiliation
100351,TX4643,2024-09-25 11:39:00,2024-09-25 11:46:24,444,11.87,69,61,31.74,9.95,0.0,2,43.69,Mobile,Medallion
100352,TX2599,2024-04-19 13:08:00,2024-04-19 13:24:36,996,16.89,61,17,43.79,8.76,0.0,2,54.55,Mobile,Medallion
100353,TX6820,2024-10-05 00:28:00,2024-10-05 00:45:29,1049,18.97,29,40,48.78,9.0,0.0,1,58.78,No Charge,Blue Ribbon
100354,TX1879,2024-05-15 13:48:00,2024-05-15 14:10:47,1367,11.92,75,75,31.86,4.64,0.0,3,39.5,Cash,Taxi Affiliation
100355,TX7768,2024-11-20 01:55:00,2024-11-20 02:13:16,1096,10.26,7,20,27.87,8.67,2.5,2,41.04,Credit Card,Yellow Cab
100356,TX6183,2024-05-05 00:17:00,2024-05-05 00:49:56,1976,19.75,24,11,50.65,8.93,2.5,1,63.08,No Charge,Blue Ribbon
100357,TX4430,2024-08-18 00:02:00,2024-08-18 00:19:04,1024,6.61,22,74,19.11,0.58,2.5,2,24.19,Credit Card,Taxi Affiliation
100358,TX7609,2024-10-13 03:16:00,2024-10-13 04:13:07,3427,15.71,55,62,40.95,1.29,2.5,3,47.74,No Charge,Flash Cab
100359,TX9700,2024-01-14 23:38:00,2024-01-15 00:19:26,2486,4.39,25,3,13.79,3.73,0.0,2,19.52,Cash,Yellow Cab
100360,TX9246,2024-03-23 15:08:00,2024-03-23 16:00:20,3140,17.6,76,40,45.49,3.12,0.0,3,51.61,Credit Card,Flash Cab
100361,TX8105,2024-10-27 04:51:00,2024-10-27 04:59:07,487,6.31,18,44,18.39,2.91,5.0,2,28.3,No Charge,Blue Ribbon
100362,TX4742,2024-09-30 08:36:00,2024-09-30 08:53:51,1071,3.72,29,17,12.18,9.07,2.5,0,23.75,Credit Card,Flash Cab
100363,TX5190,2024-08-02 22:48:00,2024-08-02 23:27:26,2366,3.8,69,7,12.37,3.67,0.0,3,19.04,Cash,Flash Cab
100364,TX3024,2024-08-26 04:57:00,2024-08-26 05:03:20,380,1.44,71,33,6.71,1.16,2.5,3,13.37,No Charge,Yellow Cab
100365,TX9524,2024-03-16 01:38:00,2024-03-16 02:30:27,3147,13.87,35,18,36.54,0.09,2.5,0,39.13,No Charge,Flash Cab
100366,TX4254,2024-07-05 12:17:00,2024-07-05 13:11:04,3244,12.55,26,34,33.37,2.83,0.0,3,39.2,Credit Card,Blue Ribbon
100367,TX8875,2024-09-13 08:43:00,2024-09-13 09:15:58,1978,6.26,43,31,18.27,0.39,2.5,1,22.16,Cash,Flash Cab
100368,TX2475,2024-09-01 18:49:00,2024-09-01 19:00:04,664,18.18,66,10,46.88,8.35,2.5,1,58.73,Cash,Blue Ribbon
100369,TX1820,2024-08-22 20:18:00,2024-08-22 20:38:46,1246,9.41,13,23,25.83,9.77,0.0,3,38.6,Cash,Blue Ribbon
100370,TX1751,2024-05-11 09:36:00,2024-05-11 10:35:43,3583,13.7,2,18,36.13,4.26,0.0,0,40.39,Credit Card,Blue Ribbon
100371,TX6615,2024-05-10 10:07:00,2024-05-10 10:41:52,2092,19.12,24,15,49.14,2.68,0.0,2,53.82,No Charge,Taxi Affiliation
100372,TX3732,2024-06-15 11:17:00,2024-06-15 11:40:33,1413,16.8,15,17,43.57,6.9,2.5,3,55.97,Cash,Yellow Cab
100373,TX3969,2024-02-08 00:15:00,2024-02-08 00:48:24,2004,18.27,49,46,47.1,4.83,5.0,3,59.93,Cash,Yellow Cab
100374,TX5286,2024-06-25 03:12:00,2024-06-25 03:50:19,2299,2.7,41,2,9.73,4.11,0.0,0,13.84,Credit Card,Blue Ribbon
100375,TX8895,2024-07-08 05:57:00,2024-07-08 06:37:42,2442,13.92,45,50,36.66,6.18,2.5,1,46.34,Credit Card,Medallion
100376,TX9123,2024-11-21 00:57:00,2024-11-21 01:43:50,2810,1.56,22,10,6.99,6.43,0.0,3,16.42,No Charge,Blue Ribbon
100377,TX7607,2024-03-28 22:56:00,2024-03-28 23:23:35,1655,19.42,31,11,49.86,0.5,0.0,3,53.36,No Charge,Taxi Affiliation
100378,TX2944,2024-10-18 23:31:00,2024-10-19 00:15:07,2647,9.24,64,3,25.43,8.57,2.5,2,38.5,Cash,Taxi Affiliation
100379,TX9328,2024-05-30 09:04:00,2024-05-30 09:11:26,446,11.36,72,27,30.51,0.0,0.0,2,32.51,No Charge,Blue Ribbon
100380,TX6952,2024-05-12 12:56:00,2024-05-12 13:04:42,522,16.42,58,15,42.66,8.44,0.0,3,54.1,Cash,Yellow Cab
100381,TX2741,2024-01-02 01:11:00,2024-01-02 01:39:18,1698,7.43,6,22,21.08,6.34,0.0,2,29.42,No Charge,Yellow Cab
100382,TX4072,2024-10-26 11:20:00,2024-10-26 12:13:56,3236,14.98,16,51,39.2,4.09,0.0,1,44.29,Credit Card,Taxi Affiliation
100383,TX3018,2024-10-27 11:03:00,2024-10-27 12:01:20,3500,4.22,58,59,13.38,3.38,2.5,0,19.26,Credit Card,Taxi Affiliation
100384,TX9328,2024-01-02 19:54:00,2024-01-02 20:35:12,2472,14.86,23,75,38.91,5.53,2.5,3,49.94,Credit Card,Yellow Cab
100385,TX7859,2024-02-07 22:52:00,2024-02-07 23:23:26,1886,13.32,32,36,35.22,6.06,0.0,3,44.28,No Charge,Blue Ribbon
100386,TX9975,2024-04-17 08:31:00,2024-04-17 09:06:54,2154,16.19,41,71,42.11,1.38,5.0,2,50.49,Credit Card,Yellow Cab
100387,TX9255,2024-03-17 14:29:00,2024-03-17 15:16:36,2856,14.43,70,42,37.88,6.87,0.0,1,45.75,Cash,Blue Ribbon
100388,TX7920,2024-07-23 23:16:00,2024-07-23 23:53:47,2267,11.86,2,67,31.71,9.43,2.5,2,45.64,Cash,Flash Cab
100389,TX5695,2024-05-18 22:05:00,2024-05-18 22:19:55,895,1.53,33,19,6.92,0.57,0.0,1,8.49,Cash,Blue Ribbon
100390,TX4675,2024-03-15 12:35:00,2024-03-15 13:31:26,3386,11.05,72,50,29.77,3.59,2.5,0,35.86,Credit Card,Medallion
100391,TX7349,2024-10-12 19:22:00,2024-10-12 20:21:23,3563,16.08,54,41,41.84,2.88,0.0,3,47.72,Cash,Flash Cab
100392,TX7025,2024-09-28 00:17:00,2024-09-28 00:39:09,1329,4.46,76,70,13.95,8.69,2.5,1,26.14,Credit Card,Yellow Cab
100393,TX9418,2024-04-17 08:33:00,2024-04-17 09:08:38,2138,3.96,16,49,12.75,6.83,0.0,1,20.58,Cash,Taxi Affiliation
100394,TX6415,2024-04-11 20:55:00,2024-04-11 21:37:59,2579,5.65,60,20,16.81,1.61,0.0,0,18.42,Cash,Yellow Cab
100395,TX9037,2024-12-04 08:28:00,2024-12-04 08:55:01,1621,12.14,74,71,32.39,7.74,5.0,2,47.13,Mobile,Flash Cab
100396,TX9276,2024-10-12 16:58:00,2024-10-12 17:51:18,3198,6.7,21,54,19.33,2.2,0.0,0,21.53,No Charge,Flash Cab
100397,TX5809,2024-05-07 11:07:00,2024-05-07 11:27:06,1206,17.73,28,68,45.8,6.63,0.0,2,54.43,No Charge,Medallion
100398,TX4937,2024-10-27 03:29:00,2024-10-27 04:25:20,3380,19.63,32,6,50.36,0.09,0.0,3,53.45,Mobile,Taxi Affiliation
100399,TX1404,2024-11-29 17:32:00,2024-11-29 18:31:21,3561,18.93,67,48,48.68,3.86,5.0,2,59.54,No Charge,Taxi Affiliation
100400,TX2572,2024-01-17 05:10:00,2024-01-17 05:35:14,1514,18.02,22,69,46.5,1.93,5.0,0,53.43,Cash,Flash Cab
100401,TX4368,2024-03-17 23:50:00,2024-03-18 00:40:45,3045,12.78,69,56,33.92,2.13,2.5,0,38.55,Cash,Yellow Cab
100402,TX3916,2024-01-09 21:33:00,2024-01-09 22:09:20,2180,14.48,33,72,38.0,0.38,0.0,0,38.38,Cash,Medallion
100403,TX8094,2024-10-26 09:25:00,2024-10-26 09:45:32,1232,18.26,41,3,47.07,4.08,2.5,3,56.65,No Charge,Flash Cab
100404,TX2189,2024-07-13 23:27:00,2024-07-13 23:32:24,324,13.01,46,65,34.47,6.18,5.0,0,45.65,Cash,Blue Ribbon
100405,TX7473,2024-10-13 17:57:00,2024-10-13 18:48:49,3109,6.38,4,61,18.56,0.87,2.5,3,24.93,Credit Card,Medallion
100406,TX3360,2024-03-21 07:12:00,2024-03-21 07:26:18,858,15.06,39,48,39.39,7.97,5.0,2,54.36,Cash,Medallion
100407,TX9800,2024-11-14 17:49:00,2024-11-14 18:31:53,2573,3.26,71,11,11.07,0.42,5.0,3,19.49,Mobile,Yellow Cab
100408,TX3637,2024-09-29 16:42:00,2024-09-29 17:37:36,3336,18.12,24,29,46.74,3.44,2.5,1,53.68,Mobile,Yellow Cab
100409,TX2198,2024-02-11 23:35:00,2024-02-11 23:52:22,1042,13.58,38,9,35.84,5.67,0.0,3,44.51,Mobile,Flash Cab
100410,TX4842,2024-03-13 03:03:00,2024-03-13 03:57:32,3272,11.82,13,37,31.62,9.52,0.0,1,42.14,Cash,Yellow Cab
100411,TX6971,2024-04-25 22:51:00,2024-04-25 23:29:10,2290,9.29,41,55,25.55,6.16,0.0,1,32.71,Credit Card,Flash Cab
100412,TX6889,2024-04-24 06:54:00,2024-04-24 07:15:48,1308,15.82,18,43,41.22,7.12,2.5,2,52.84,No Charge,Taxi Affiliation
100413,TX2343,2024-06-11 09:35:00,2024-06-11 10:04:29,1769,15.61,36,18,40.71,4.87,0.0,1,46.58,Credit Card,Blue Ribbon
100414,TX7637,2024-09-24 07:48:00,2024-09-24 08:35:46,2866,1.99,76,28,8.03,0.75,0.0,0,8.78,Cash,Medallion
100415,TX7430,2024-04-05 03:18:00,2024-04-05 04:00:06,2526,17.93,29,76,46.28,5.4,0.0,2,53.68,Mobile,Yellow Cab
100416,TX4913,2024-06-18 10:37:00,2024-06-18 11:16:12,2352,10.45,22,66,28.33,3.97,5.0,0,37.3,Credit Card,Taxi Affiliation
100417,TX6878,2024-02-28 05:18:00,2024-02-28 05:35:13,1033,11.54,6,29,30.95,5.66,0.0,3,39.61,No Charge,Yellow Cab
100418,TX7358,2024-01-24 03:17:00,2024-01-24 03:40:02,1382,7.7,61,59,21.73,0.43,0.0,2,24.16,Cash,Flash Cab
100419,TX9918,2024-08-24 08:53:00,2024-08-24 09:20:07,1627,2.51,73,23,9.27,9.68,0.0,2,20.95,No Charge,Taxi Affiliation
100420,TX7165,2024-05-13 06:00:00,2024-05-13 06:45:07,2707,13.24,29,67,35.03,8.35,5.0,2,50.38,No Charge,Blue Ribbon
100421,TX9222,2024-10-24 19:07:00,2024-10-24 19:35:33,1713,9.99,18,57,27.23,4.82,5.0,0,37.05,Credit Card,Yellow Cab
100422,TX6934,2024-01-29 07:36:00,2024-01-29 08:16:07,2407,13.05,16,30,34.57,2.12,0.0,1,37.69,No Charge,Blue Ribbon
100423,TX7732,2024-09-19 11:41:00,2024-09-19 11:53:44,764,9.89,3,32,26.99,4.79,0.0,1,32.78,Cash,Yellow Cab
100424,TX1916,2024-07-28 01:12:00,2024-07-28 01:57:26,2726,3.64,22,34,11.99,6.3,0.0,1,19.29,Credit Card,Medallion
100425,TX4548,2024-05-27 20:55:00,2024-05-27 21:40:54,2754,19.4,58,61,49.81,6.38,0.0,0,56.19,No Charge,Yellow Cab
100426,TX3747,2024-03-21 02:49:00,2024-03-21 03:22:02,1982,12.22,44,59,32.58,7.95,0.0,2,42.53,Cash,Yellow Cab
100427,TX3450,2024-05-17 22:51:00,2024-05-17 23:22:18,1878,3.08,13,23,10.64,0.17,5.0,3,18.81,No Charge,Medallion
100428,TX8901,2024-08-06 15:15:00,2024-08-06 15:22:39,459,17.62,17,70,45.54,5.31,0.0,0,50.85,Cash,Taxi Affiliation
100429,TX4759,2024-07-09 07:41:00,2024-07-09 08:14:43,2023,7.72,62,49,21.78,0.43,5.0,3,30.21,Mobile,Medallion
100430,TX7971,2024-10-20 04:53:00,2024-10-20 05:48:36,3336,18.2,18,33,46.93,8.37,5.0,0,60.3,No Charge,Yellow Cab
100431,TX4096,2024-11-27 14:26:00,2024-11-27 14:36:43,643,6.02,1,1,17.7,8.77,2.5,2,30.97,Cash,Medallion
100432,TX6935,2024-01-03 20:51:00,2024-01-03 21:21:36,1836,13.26,14,20,35.07,6.88,0.0,3,44.95,No Charge,Medallion
100433,TX7511,2024-04-02 14:16:00,2024-04-02 14:38:50,1370,17.17,27,53,44.46,4.24,0.0,2,50.7,No Charge,Yellow Cab
100434,TX7522,2024-05-15 00:58:00,2024-05-15 01:41:10,2590,11.32,18,16,30.42,2.54,0.0,2,34.96,Credit Card,Taxi Affiliation
100435,TX6544,2024-10-12 08:54:00,2024-10-12 09:46:44,3164,19.01,71,7,48.87,1.0,5.0,3,57.87,Credit Card,Taxi Affiliation
100436,TX2444,2024-08-19 18:22:00,2024-08-19 18:27:21,321,16.19,9,34,42.11,8.23,2.5,3,55.84,Credit Card,Blue Ribbon
100437,TX1941,2024-01-30 09:23:00,2024-01-30 10:09:34,2794,1.24,23,64,6.23,3.84,2.5,2,14.57,No Charge,Flash Cab
100438,TX9364,2024-03-14 16:32:00,2024-03-14 17:21:50,2990,18.65,67,30,48.01,5.18,0.0,0,53.19,Credit Card,Flash Cab
100439,TX7544,2024-05-11 05:27:00,2024-05-11 05:48:19,1279,13.27,46,51,35.1,9.76,0.0,2,46.86,No Charge,Medallion
100440,TX6703,2024-03-14 04:20:00,2024-03-14 05:00:20,2420,0.8,45,36,5.17,7.04,0.0,2,14.21,Credit Card,Medallion
100441,TX7670,2024-03-12 01:47:00,2024-03-12 02:23:02,2162,18.63,65,14,47.96,5.75,0.0,1,54.71,Cash,Medallion
100442,TX8254,2024-04-17 09:12:00,2024-04-17 09:40:12,1692,18.97,49,73,48.78,8.03,0.0,2,58.81,No Charge,Yellow Cab
100443,TX8896,2024-10-03 00:54:00,2024-10-03 01:22:11,1691,19.24,15,34,49.43,4.59,2.5,0,56.52,Cash,Taxi Affiliation
100444,TX7757,2024-08-18 23:01:00,2024-08-18 23:59:50,3530,19.89,46,67,50.99,6.77,0.0,2,59.76,Cash,Blue Ribbon
100445,TX3924,2024-03-31 15:18:00,2024-03-31 15:42:36,1476,2.31,61,41,8.79,6.74,0.0,0,15.53,Mobile,Yellow Cab
100446,TX4271,2024-11-21 20:39:00,2024-11-21 21:23:09,2649,5.75,31,31,17.05,9.47,0.0,3,29.52,Mobile,Yellow Cab
100447,TX2747,2024-03-24 16:50:00,2024-03-24 17:08:50,1130,16.78,16,11,43.52,8.36,0.0,1,52.88,No Charge,Medallion
100448,TX6167,2024-01-03 15:52:00,2024-01-03 16:49:10,3430,17.21,64,74,44.55,9.58,2.5,2,58.63,Mobile,Taxi Affiliation
100449,TX1887,2024-03-07 19:57:00,2024-03-07 20:54:10,3430,18.36,68,55,47.31,2.8,0.0,1,51.11,No Charge,Medallion
100450,TX2972,2024-01-13 02:32:00,2024-01-13 03:11:18,2358,7.27,67,59,20.7,8.6,0.0,3,32.3,Mobile,Flash Cab
100451,TX5254,2024-01-05 13:17:00,2024-01-05 14:08:01,3061,4.61,24,71,14.31,5.81,0.0,2,22.12,Mobile,Yellow Cab
100452,TX7945,2024-04-08 08:07:00,2024-04-08 08:44:10,2230,19.19,27,54,49.31,3.43,0.0,3,55.74,Mobile,Blue Ribbon
100453,TX2636,2024-11-07 07:12:00,2024-11-07 07:44:20,1940,5.95,35,31,17.53,1.8,0.0,1,20.33,No Charge,Taxi Affiliation
100454,TX3893,2024-03-12 15:13:00,2024-03-12 15:27:57,897,16.1,54,64,41.89,7.39,2.5,0,51.78,Credit Card,Medallion
100455,TX7527,2024-07-13 16:00:00,2024-07-13 16:54:11,3251,6.66,13,21,19.23,4.87,0.0,0,24.1,Cash,Yellow Cab
100456,TX5256,2024-10-23 13:15:00,2024-10-23 13:37:21,1341,9.79,47,47,26.75,6.3,2.5,2,37.55,Mobile,Blue Ribbon
100457,TX9821,2024-01-08 11:19:00,2024-01-08 11:52:06,1986,2.86,23,37,10.11,8.67,5.0,1,24.78,Mobile,Blue Ribbon
100458,TX5694,2024-09-02 08:26:00,2024-09-02 09:05:50,2390,10.01,60,19,27.27,7.37,0.0,3,37.64,Credit Card,Blue Ribbon
100459,TX3654,2024-06-02 19:53:00,2024-06-02 20:41:05,2885,12.44,44,30,33.11,4.05,0.0,0,37.16,Mobile,Blue Ribbon
100460,TX8289,2024-08-26 00:06:00,2024-08-26 00:30:53,1493,14.35,47,76,37.69,6.05,2.5,2,48.24,No Charge,Taxi Affiliation
100461,TX2311,2024-03-02 04:02:00,2024-03-02 04:19:33,1053,17.16,27,22,44.43,1.25,0.0,2,47.68,No Charge,Flash Cab
100462,TX7504,2024-02-05 00:57:00,2024-02-05 01:06:21,561,18.77,68,11,48.3,4.73,0.0,0,53.03,Cash,Blue Ribbon
100463,TX4757,2024-08-13 07:03:00,2024-08-13 07:18:36,936,2.14,32,37,8.39,9.32,2.5,2,22.21,No Charge,Yellow Cab
100464,TX8801,2024-02-18 01:07:00,2024-02-18 01:47:57,2457,16.85,60,70,43.69,0.29,0.0,2,45.98,Mobile,Medallion
100465,TX8126,2024-06-11 05:06:00,2024-06-11 05:20:13,853,19.41,68,69,49.83,6.98,0.0,3,59.81,Mobile,Blue Ribbon
100466,TX7753,2024-06-24 14:44:00,2024-06-24 15:25:50,2510,4.93,34,20,15.08,0.9,0.0,2,17.98,Mobile,Flash Cab
100467,TX8687,2024-01-01 06:48:00,2024-01-01 07:28:43,2443,16.4,69,2,42.61,8.48,0.0,2,53.09,No Charge,Taxi Affiliation
100468,TX1118,2024-04-19 08:02:00,2024-04-19 08:07:37,337,15.43,71,48,40.28,7.98,5.0,1,54.26,Credit Card,Taxi Affiliation
100469,TX4614,2024-11-17 10:26:00,2024-11-17 11:09:16,2596,9.02,34,11,24.9,2.5,2.5,3,32.9,No Charge,Yellow Cab
100470,TX9715,2024-07-07 08:12:00,2024-07-07 09:09:11,3431,16.1,35,53,41.89,6.13,0.0,2,50.02,Credit Card,Flash Cab
100471,TX5458,2024-03-07 15:53:00,2024-03-07 16:07:19,859,6.15,63,25,18.01,6.37,5.0,3,32.38,Mobile,Flash Cab
100472,TX5410,2024-02-25 15:30:00,2024-02-25 15:38:23,503,19.41,17,57,49.83,0.22,0.0,2,52.05,Cash,Yellow Cab
100473,TX9165,2024-02-03 02:09:00,2024-02-03 02:24:17,917,0.79,48,60,5.15,2.17,2.5,2,11.82,Cash,Blue Ribbon
100474,TX9899,2024-01-30 11:00:00,2024-01-30 11:56:14,3374,19.06,61,24,48.99,0.56,2.5,0,52.05,Credit Card,Blue Ribbon
100475,TX8257,2024-10-24 19:14:00,2024-10-24 19:45:02,1862,16.65,32,5,43.21,1.22,0.0,3,47.43,Credit Card,Taxi Affiliation
100476,TX7375,2024-09-24 23:20:00,2024-09-25 00:17:37,3457,2.33,40,42,8.84,6.66,0.0,3,18.5,Credit Card,Flash Cab
100477,TX6905,2024-09-28 09:30:00,2024-09-28 10:12:31,2551,10.66,7,28,28.83,2.53,0.0,1,32.36,Cash,Yellow Cab
100478,TX7484,2024-08-18 16:26:00,2024-08-18 17:00:38,2078,6.83,32,2,19.64,1.67,0.0,0,21.31,Cash,Medallion
100479,TX5075,2024-10-12 12:06:00,2024-10-12 12:58:09,3129,9.77,21,64,26.7,5.96,0.0,0,32.66,Cash,Medallion
100480,TX3061,2024-05-03 11:10:00,2024-05-03 12:06:51,3411,12.69,63,30,33.71,0.6,0.0,0,34.31,Mobile,Medallion
100481,TX1349,2024-10-14 08:33:00,2024-10-14 09:22:00,2940,15.26,49,46,39.87,8.06,2.5,1,51.43,Credit Card,Blue Ribbon
100482,TX4109,2024-11-23 10:38:00,2024-11-23 10:45:41,461,9.96,73,24,27.15,4.38,0.0,3,34.53,Mobile,Blue Ribbon
100483,TX2128,2024-09-23 21:49:00,2024-09-23 22:25:58,2218,5.87,68,20,17.34,8.31,5.0,1,31.65,No Charge,Blue Ribbon
100484,TX4039,2024-10-25 14:11:00,2024-10-25 14:33:58,1378,11.06,3,47,29.79,4.54,5.0,3,42.33,Credit Card,Blue Ribbon
100485,TX9586,2024-09-19 18:13:00,2024-09-19 18:22:19,559,13.34,64,71,35.27,5.39,2.5,1,44.16,Credit Card,Medallion
100486,TX1717,2024-04-13 08:01:00,2024-04-13 08:28:01,1621,8.49,17,23,23.63,3.22,0.0,0,26.85,Cash,Yellow Cab
100487,TX9615,2024-02-09 05:27:00,2024-02-09 06:05:08,2288,4.24,76,33,13.43,0.32,2.5,3,19.25,Cash,Blue Ribbon
100488,TX2310,2024-03-21 14:42:00,2024-03-21 15:28:21,2781,14.5,60,8,38.05,0.13,0.0,3,41.18,Mobile,Medallion
100489,TX9667,2024-09-27 22:36:00,2024-09-27 23:09:23,2003,16.53,6,10,42.92,7.94,0.0,2,52.86,Mobile,Flash Cab
100490,TX4104,2024-12-10 04:04:00,2024-12-10 04:23:44,1184,19.23,25,68,49.4,0.97,0.0,3,53.37,Credit Card,Medallion
100491,TX8515,2024-08-15 22:10:00,2024-08-15 22:27:12,1032,11.39,55,14,30.59,5.58,0.0,2,38.17,Credit Card,Yellow Cab
100492,TX6772,2024-07-19 11:40:00,2024-07-19 12:12:24,1944,10.34,41,71,28.07,6.58,5.0,3,42.65,Mobile,Blue Ribbon
100493,TX9939,2024-05-30 09:06:00,2024-05-30 10:03:10,3430,12.85,28,49,34.09,8.26,0.0,1,43.35,Mobile,Blue Ribbon
100494,TX1267,2024-06-13 23:09:00,2024-06-13 23:44:32,2132,19.22,67,18,49.38,0.0,0.0,2,51.38,Mobile,Flash Cab
100495,TX2544,2024-04-19 14:21:00,2024-04-19 14:41:08,1208,4.69,5,59,14.51,3.15,0.0,1,18.66,Mobile,Yellow Cab
100496,TX5920,2024-02-20 15:25:00,2024-02-20 15:48:05,1385,7.66,12,74,21.63,5.82,0.0,2,29.45,No Charge,Medallion
100497,TX8999,2024-11-30 10:34:00,2024-11-30 10:53:50,1190,14.82,74,13,38.82,7.24,2.5,1,49.56,Mobile,Flash Cab
100498,TX8115,2024-09-23 07:44:00,2024-09-23 08:28:20,2660,7.94,54,16,22.31,7.8,0.0,2,32.11,Credit Card,Medallion
100499,TX9591,2024-12-04 08:41:00,2024-12-04 08:46:46,346,12.86,6,41,34.11,6.32,0.0,2,42.43,Credit Card,Blue Ribbon
100500,TX9269,2024-07-02 04:03:00,2024-07-02 04:55:38,3158,4.81,12,29,14.79,0.51,2.5,3,20.8,No Charge,Blue Ribbon
100501,TX9980,2024-10-13 13:23:00,2024-10-13 13:54:55,1915,3.39,52,34,11.39,3.36,2.5,0,17.25,Cash,Taxi Affiliation
100502,TX4245,2024-07-01 22:59:00,2024-07-01 23:33:39,2079,15.59,63,51,40.67,1.3,0.0,3,44.97,Credit Card,Medallion
100503,TX6298,2024-08-12 12:39:00,2024-08-12 13:34:13,3313,10.72,74,12,28.98,2.42,0.0,3,34.4,Cash,Taxi Affiliation
100504,TX5994,2024-06-03 10:57:00,2024-06-03 11:26:56,1796,7.29,22,45,20.75,3.21,5.0,0,28.96,No Charge,Medallion
100505,TX3555,2024-02-23 08:10:00,2024-02-23 08:45:04,2104,1.38,11,15,6.56,8.18,0.0,2,16.74,Cash,Yellow Cab
100506,TX6624,2024-12-11 17:58:00,2024-12-11 18:45:23,2843,18.57,15,40,47.82,8.69,0.0,0,56.51,No Charge,Taxi Affiliation
100507,TX9991,2024-01-09 12:46:00,2024-01-09 13:13:39,1659,4.58,62,19,14.24,5.38,0.0,2,21.62,Cash,Taxi Affiliation
100508,TX4288,2024-07-31 12:22:00,2024-07-31 13:12:17,3017,10.77,35,7,29.1,2.55,0.0,2,33.65,No Charge,Flash Cab
100509,TX1312,2024-01-25 11:56:00,2024-01-25 12:27:31,1891,13.38,38,50,35.36,6.63,0.0,0,41.99,Credit Card,Taxi Affiliation
100510,TX4054,2024-07-04 09:41:00,2024-07-04 10:34:26,3206,2.44,26,65,9.11,3.15,5.0,0,17.26,No Charge,Medallion
100511,TX6465,2024-12-03 12:34:00,2024-12-03 13:27:38,3218,0.92,63,51,5.46,2.47,5.0,2,14.93,Credit Card,Flash Cab
100512,TX2015,2024-05-06 12:12:00,2024-05-06 13:03:42,3102,7.36,33,50,20.91,6.25,0.0,2,29.16,Cash,Medallion
100513,TX2438,2024-12-11 19:30:00,2024-12-11 19:54:07,1447,4.9,49,67,15.01,3.42,2.5,1,21.93,Credit Card,Taxi Affiliation
100514,TX8359,2024-03-28 18:18:00,2024-03-28 19:02:06,2646,3.48,70,17,11.6,9.71,5.0,2,28.31,Credit Card,Yellow Cab
100515,TX9582,2024-07-30 19:07:00,2024-07-30 19:48:57,2517,13.84,18,56,36.47,2.02,0.0,2,40.49,Credit Card,Medallion
100516,TX6203,2024-11-30 03:50:00,2024-11-30 04:05:47,947,6.69,19,4,19.31,5.57,0.0,1,25.88,Mobile,Taxi Affiliation
100517,TX4079,2024-05-29 23:34:00,2024-05-29 23:59:42,1542,9.14,14,17,25.19,9.34,0.0,1,35.53,Credit Card,Flash Cab
100518,TX4804,2024-10-04 20:22:00,2024-10-04 21:08:46,2806,12.53,30,4,33.32,6.06,5.0,1,45.38,Mobile,Flash Cab
100519,TX7126,2024-09-07 19:04:00,2024-09-07 20:02:14,3494,9.79,24,50,26.75,5.02,5.0,3,39.77,No Charge,Taxi Affiliation
100520,TX7767,2024-02-20 07:36:00,2024-02-20 07:52:10,970,4.27,29,26,13.5,0.32,0.0,2,15.82,Credit Card,Flash Cab
100521,TX5043,2024-03-05 17:19:00,2024-03-05 17:53:59,2099,17.41,55,52,45.03,4.9,0.0,3,52.93,Cash,Medallion
100522,TX9530,2024-09-24 23:25:00,2024-09-24 23:55:58,1858,14.54,14,58,38.15,3.94,5.0,0,47.09,No Charge,Flash Cab
100523,TX9456,2024-11-15 20:09:00,2024-11-15 20:30:46,1306,10.61,7,25,28.71,3.96,0.0,3,35.67,Mobile,Taxi Affiliation
100524,TX5823,2024-05-25 04:07:00,2024-05-25 04:32:47,1547,15.59,7,67,40.67,2.86,0.0,3,46.53,Credit Card,Taxi Affiliation
100525,TX9952,2024-10-29 09:43:00,2024-10-29 10:32:06,2946,9.31,18,51,25.59,7.23,0.0,1,33.82,No Charge,Blue Ribbon
100526,TX2477,2024-06-13 09:54:00,2024-06-13 10:00:42,402,3.99,33,42,12.83,5.9,0.0,3,21.73,Credit Card,Flash Cab
100527,TX9383,2024-02-03 10:50:00,2024-02-03 11:02:47,767,14.27,21,49,37.5,6.34,0.0,3,46.84,No Charge,Flash Cab
100528,TX3369,2024-10-06 23:09:00,2024-10-06 23:25:39,999,18.29,23,7,47.15,5.65,0.0,1,53.8,No Charge,Blue Ribbon
100529,TX3155,2024-04-22 22:36:00,2024-04-22 23:30:50,3290,15.49,26,1,40.43,4.46,0.0,0,44.89,Mobile,Flash Cab
100530,TX4897,2024-06-16 05:40:00,2024-06-16 06:18:58,2338,17.18,28,76,44.48,5.44,0.0,3,52.92,No Charge,Taxi Affiliation
100531,TX4401,2024-05-29 13:57:00,2024-05-29 14:32:09,2109,2.05,7,24,8.17,6.0,0.0,2,16.17,Credit Card,Flash Cab
100532,TX6424,2024-08-26 02:25:00,2024-08-26 02:53:49,1729,1.22,12,7,6.18,8.54,5.0,2,21.72,Cash,Taxi Affiliation
100533,TX8460,2024-03-06 03:33:00,2024-03-06 03:49:00,960,13.61,75,47,35.91,6.11,5.0,1,48.02,Cash,Flash Cab
100534,TX2063,2024-10-07 01:21:00,2024-10-07 01:46:25,1525,6.8,38,61,19.57,8.98,0.0,3,31.55,Credit Card,Flash Cab
100535,TX1953,2024-09-10 03:40:00,2024-09-10 04:03:44,1424,6.92,14,74,19.86,4.14,0.0,1,25.0,Cash,Taxi Affiliation
100536,TX6185,2024-09-20 21:03:00,2024-09-20 21:55:00,3120,12.29,34,68,32.75,7.88,0.0,3,43.63,Mobile,Yellow Cab
100537,TX3947,2024-08-11 21:44:00,2024-08-11 22:27:24,2604,10.18,30,38,27.68,7.29,2.5,3,40.47,Credit Card,Flash Cab
100538,TX7783,2024-02-13 06:54:00,2024-02-13 07:00:38,398,9.57,6,43,26.22,7.97,0.0,3,37.19,Mobile,Medallion
100539,TX2111,2024-10-20 17:18:00,2024-10-20 18:06:31,2911,4.64,40,39,14.39,6.41,0.0,2,22.8,Mobile,Flash Cab
100540,TX3877,2024-02-11 16:43:00,2024-02-11 17:34:49,3109,7.0,25,43,20.05,3.96,5.0,0,29.01,Mobile,Taxi Affiliation
100541,TX8546,2024-11-29 19:33:00,2024-11-29 20:10:23,2243,16.05,69,43,41.77,6.46,2.5,1,51.73,No Charge,Taxi Affiliation
100542,TX9779,2024-12-04 01:09:00,2024-12-04 02:04:41,3341,1.59,3,27,7.07,5.21,5.0,2,19.28,Mobile,Blue Ribbon
100543,TX7382,2024-01-25 08:34:00,2024-01-25 08:49:11,911,5.97,24,77,17.58,0.31,2.5,1,21.39,Cash,Blue Ribbon
100544,TX4893,2024-09-14 00:42:00,2024-09-14 01:08:28,1588,14.34,48,58,37.67,2.71,0.0,3,43.38,Mobile,Yellow Cab
100545,TX2517,2024-07-10 10:23:00,2024-07-10 10:48:38,1538,3.91,57,65,12.63,3.74,0.0,1,17.37,Cash,Taxi Affiliation
100546,TX6363,2024-11-25 17:37:00,2024-11-25 18:16:08,2348,3.5,19,13,11.65,3.4,2.5,2,19.55,Credit Card,Yellow Cab
100547,TX1067,2024-09-21 01:23:00,2024-09-21 01:30:29,449,9.46,40,6,25.95,7.14,5.0,0,38.09,Cash,Blue Ribbon
100548,TX6114,2024-06-19 05:37:00,2024-06-19 05:45:08,488,2.51,27,42,9.27,7.66,0.0,0,16.93,Credit Card,Yellow Cab
100549,TX3446,2024-04-14 14:03:00,2024-04-14 14:26:53,1433,10.88,21,36,29.36,7.73,0.0,2,39.09,Cash,Flash Cab
100550,TX5440,2024-08-15 01:22:00,2024-08-15 02:05:12,2592,10.52,19,37,28.5,2.07,0.0,2,32.57,Credit Card,Yellow Cab
100551,TX3131,2024-01-27 04:31:00,2024-01-27 04:57:15,1575,12.46,4,61,33.15,3.39,2.5,0,39.04,Cash,Flash Cab
100552,TX6826,2024-05-19 21:56:00,2024-05-19 22:04:40,520,2.18,40,43,8.48,3.92,5.0,3,20.4,Credit Card,Medallion
100553,TX2593,2024-01-29 20:20:00,2024-01-29 21:16:35,3395,15.41,59,40,40.23,5.68,0.0,3,48.91,No Charge,Taxi Affiliation
100554,TX7423,2024-03-25 14:34:00,2024-03-25 14:54:16,1216,3.3,24,43,11.17,8.96,0.0,2,22.13,Mobile,Taxi Affiliation
100555,TX3798,2024-06-26 17:53:00,2024-06-26 18:00:03,423,1.77,37,45,7.5,1.13,2.5,3,14.13,Credit Card,Medallion
100556,TX5949,2024-02-07 17:26:00,2024-02-07 17:58:41,1961,16.44,69,60,42.71,7.97,0.0,0,50.68,No Charge,Medallion
100557,TX2082,2024-05-30 18:42:00,2024-05-30 19:03:17,1277,12.61,44,27,33.51,5.48,2.5,3,44.49,No Charge,Taxi Affiliation
100558,TX8972,2024-07-25 18:22:00,2024-07-25 19:20:44,3524,7.17,15,76,20.46,6.94,0.0,0,27.4,No Charge,Blue Ribbon
100559,TX2781,2024-07-21 08:25:00,2024-07-21 08:36:39,699,16.53,77,49,42.92,1.76,2.5,0,47.18,Mobile,Taxi Affiliation
100560,TX3403,2024-08-23 02:00:00,2024-08-23 02:50:04,3004,1.7,20,58,7.33,2.18,0.0,0,9.51,Mobile,Taxi Affiliation
100561,TX5989,2024-08-12 08:57:00,2024-08-12 09:41:27,2667,9.22,56,45,25.38,2.06,0.0,2,29.44,Cash,Medallion
100562,TX2022,2024-01-04 04:56:00,2024-01-04 05:42:44,2804,19.74,48,71,50.63,4.04,0.0,2,56.67,Cash,Flash Cab
100563,TX4854,2024-09-13 08:00:00,2024-09-13 08:43:13,2593,16.5,56,76,42.85,3.59,0.0,0,46.44,No Charge,Blue Ribbon
100564,TX8780,2024-09-16 09:34:00,2024-09-16 10:05:07,1867,8.42,18,25,23.46,4.35,0.0,1,28.81,No Charge,Blue Ribbon
100565,TX1190,2024-11-02 01:42:00,2024-11-02 02:15:28,2008,3.51,10,3,11.67,9.97,0.0,1,22.64,Credit Card,Taxi Affiliation
100566,TX8471,2024-08-27 19:03:00,2024-08-27 19:37:48,2088,19.51,55,24,50.07,1.36,0.0,3,54.43,No Charge,Medallion
100567,TX7959,2024-06-03 16:03:00,2024-06-03 16:45:41,2561,16.49,1,74,42.83,3.85,0.0,1,47.68,No Charge,Yellow Cab
100568,TX1548,2024-09-16 12:41:00,2024-09-16 13:20:15,2355,5.75,5,73,17.05,9.27,5.0,2,33.32,No Charge,Blue Ribbon
100569,TX8617,2024-02-11 10:50:00,2024-02-11 11:34:36,2676,9.89,67,11,26.99,6.9,0.0,2,35.89,Cash,Yellow Cab
100570,TX1864,2024-06-21 06:20:00,2024-06-21 07:08:03,2883,14.96,44,69,39.15,9.6,0.0,2,50.75,Cash,Taxi Affiliation
100571,TX6782,2024-06-14 13:24:00,2024-06-14 14:03:59,2399,18.17,38,38,46.86,5.74,0.0,3,55.6,Credit Card,Flash Cab
100572,TX2006,2024-09-10 07:26:00,2024-09-10 08:11:47,2747,15.11,61,75,39.51,7.27,5.0,2,53.78,Credit Card,Medallion
100573,TX5699,2024-01-20 01:03:00,2024-01-20 01:52:48,2988,19.81,63,11,50.79,8.09,5.0,0,63.88,Credit Card,Medallion
100574,TX5209,2024-01-29 05:37:00,2024-01-29 06:35:30,3510,5.92,2,15,17.46,1.33,0.0,2,20.79,Credit Card,Medallion
100575,TX4869,2024-09-26 07:11:00,2024-09-26 07:26:19,919,13.35,63,24,35.29,3.7,0.0,2,40.99,Cash,Blue Ribbon
100576,TX7277,2024-01-31 23:30:00,2024-01-31 23:44:54,894,12.11,31,57,32.31,8.22,2.5,3,46.03,Credit Card,Yellow Cab
100577,TX1860,2024-07-29 14:31:00,2024-07-29 15:26:07,3307,16.92,22,60,43.86,0.54,0.0,0,44.4,No Charge,Taxi Affiliation
100578,TX7222,2024-04-19 23:23:00,2024-04-20 00:00:30,2250,15.05,50,61,39.37,7.52,5.0,1,52.89,Mobile,Yellow Cab
100579,TX6172,2024-07-12 09:04:00,2024-07-12 09:38:40,2080,0.73,68,6,5.0,9.27,2.5,3,19.77,Cash,Medallion
100580,TX5429,2024-08-20 07:53:00,2024-08-20 08:22:09,1749,19.15,35,13,49.21,4.32,0.0,2,55.53,Mobile,Medallion
100581,TX9518,2024-05-22 15:57:00,2024-05-22 16:33:28,2188,15.58,44,24,40.64,7.49,5.0,1,54.13,Mobile,Medallion
100582,TX9605,2024-01-05 02:25:00,2024-01-05 03:15:55,3055,0.67,14,58,4.86,0.68,2.5,0,8.04,Mobile,Yellow Cab
100583,TX1931,2024-09-21 07:20:00,2024-09-21 07:44:20,1460,5.41,77,28,16.23,0.34,5.0,0,21.57,Cash,Flash Cab
100584,TX2816,2024-02-01 16:51:00,2024-02-01 17:37:16,2776,3.03,24,33,10.52,6.56,5.0,1,23.08,Mobile,Taxi Affiliation
100585,TX6298,2024-08-28 17:20:00,2024-08-28 17:30:10,610,12.96,33,21,34.35,9.23,0.0,3,46.58,Cash,Blue Ribbon
100586,TX5336,2024-10-10 04:27:00,2024-10-10 04:36:15,555,7.96,23,57,22.35,3.33,0.0,2,27.68,Cash,Taxi Affiliation
100587,TX3357,2024-12-04 08:06:00,2024-12-04 08:24:41,1121,12.4,70,56,33.01,1.78,2.5,0,37.29,Credit Card,Medallion
100588,TX2194,2024-08-22 11:34:00,2024-08-22 11:46:15,735,18.3,10,74,47.17,7.15,0.0,0,54.32,Mobile,Taxi Affiliation
100589,TX5365,2024-01-08 01:58:00,2024-01-08 02:36:58,2338,3.4,20,43,11.41,6.4,0.0,3,20.81,No Charge,Medallion
100590,TX7617,2024-01-02 14:21:00,2024-01-02 15:01:11,2411,14.3,9,70,37.57,7.71,2.5,3,50.78,Credit Card,Flash Cab
100591,TX6463,2024-05-20 05:08:00,2024-05-20 06:00:03,3123,16.45,39,52,42.73,4.82,5.0,2,54.55,Cash,Flash Cab
100592,TX4327,2024-05-13 06:31:00,2024-05-13 07:12:29,2489,17.14,23,71,44.39,3.4,2.5,2,52.29,Cash,Taxi Affiliation
100593,TX8970,2024-08-28 19:34:00,2024-08-28 19:52:02,1082,6.33,11,57,18.44,3.9,0.0,2,24.34,Credit Card,Yellow Cab
100594,TX7369,2024-01-14 05:56:00,2024-01-14 06:14:10,1090,0.99,9,70,5.63,9.96,0.0,3,18.59,Mobile,Taxi Affiliation
100595,TX6533,2024-07-13 15:38:00,2024-07-13 16:13:40,2140,19.35,6,52,49.69,0.16,0.0,0,49.85,Cash,Yellow Cab
100596,TX4817,2024-10-21 02:34:00,2024-10-21 03:23:38,2978,13.51,10,5,35.67,4.58,5.0,1,46.25,Credit Card,Taxi Affiliation
100597,TX3138,2024-08-26 07:16:00,2024-08-26 07:22:18,378,9.69,2,23,26.51,9.18,0.0,1,36.69,Cash,Blue Ribbon
100598,TX2742,2024-10-26 01:43:00,2024-10-26 02:42:10,3550,2.4,15,64,9.01,6.11,5.0,0,20.12,Credit Card,Flash Cab
100599,TX2979,2024-10-20 03:25:00,2024-10-20 03:43:50,1130,8.81,74,70,24.39,8.12,2.5,2,37.01,Credit Card,Blue Ribbon
100600,TX2035,2024-10-31 18:48:00,2024-10-31 19:47:08,3548,4.66,16,36,14.43,0.46,0.0,2,16.89,Credit Card,Taxi Affiliation
100601,TX3185,2024-03-02 10:27:00,2024-03-02 11:19:32,3152,7.71,13,49,21.75,1.65,0.0,0,23.4,Credit Card,Flash Cab
100602,TX7819,2024-11-16 12:17:00,2024-11-16 12:55:14,2294,2.07,61,17,8.22,0.07,0.0,2,10.29,Credit Card,Yellow Cab
100603,TX3949,2024-08-21 04:52:00,2024-08-21 05:15:29,1409,10.7,64,12,28.93,4.12,0.0,0,33.05,Mobile,Blue Ribbon
100604,TX6929,2024-06-01 17:24:00,2024-06-01 17:29:18,318,11.38,70,65,30.56,1.92,5.0,0,37.48,Credit Card,Taxi Affiliation
100605,TX3444,2024-10-07 17:15:00,2024-10-07 18:02:45,2865,13.36,61,64,35.31,2.76,0.0,0,38.07,Credit Card,Yellow Cab
100606,TX5118,2024-09-01 05:47:00,2024-09-01 05:54:56,476,1.55,43,59,6.97,3.64,0.0,3,13.61,Cash,Flash Cab
100607,TX9436,2024-09-26 19:51:00,2024-09-26 19:59:34,514,18.53,15,10,47.72,1.76,0.0,3,52.48,Credit Card,Taxi Affiliation
100608,TX2804,2024-08-04 01:08:00,2024-08-04 01:52:34,2674,6.86,42,30,19.71,1.99,0.0,1,22.7,Cash,Yellow Cab
100609,TX8716,2024-09-25 20:32:00,2024-09-25 21:05:09,1989,17.46,75,63,45.15,3.76,0.0,0,48.91,Cash,Taxi Affiliation
100610,TX3234,2024-02-23 00:30:00,2024-02-23 00:49:45,1185,18.59,59,25,47.87,4.55,2.5,2,56.92,Mobile,Blue Ribbon
100611,TX3236,2024-03-14 20:56:00,2024-03-14 21:23:55,1675,2.98,15,60,10.4,6.92,0.0,2,19.32,No Charge,Taxi Affiliation
100612,TX3784,2024-03-03 13:58:00,2024-03-03 14:54:54,3414,7.2,74,71,20.53,8.86,5.0,1,35.39,Credit Card,Flash Cab
100613,TX8581,2024-05-30 03:27:00,2024-05-30 04:07:37,2437,10.04,36,2,27.35,9.96,5.0,3,45.31,No Charge,Yellow Cab
100614,TX1083,2024-03-31 11:35:00,2024-03-31 12:02:20,1640,8.97,54,6,24.78,2.22,5.0,1,33.0,Cash,Taxi Affiliation
100615,TX2605,2024-09-24 07:12:00,2024-09-24 08:09:28,3448,10.33,58,64,28.04,4.26,2.5,3,37.8,Credit Card,Flash Cab
100616,TX6872,2024-07-22 14:08:00,2024-07-22 15:04:24,3384,0.74,38,31,5.03,7.32,0.0,1,13.35,Cash,Flash Cab
100617,TX8452,2024-06-23 22:24:00,2024-06-23 23:14:40,3040,6.44,60,18,18.71,7.03,5.0,0,30.74,No Charge,Yellow Cab
100618,TX7305,2024-10-14 19:53:00,2024-10-14 20:23:17,1817,12.72,43,68,33.78,7.04,0.0,0,40.82,Cash,Blue Ribbon
100619,TX2326,2024-06-04 07:35:00,2024-06-04 08:31:23,3383,5.76,43,8,17.07,9.46,5.0,1,32.53,Mobile,Flash Cab
100620,TX3871,2024-02-10 15:38:00,2024-02-10 16:09:08,1868,7.63,72,9,21.56,6.19,0.0,2,29.75,Credit Card,Yellow Cab
100621,TX4693,2024-05-02 04:39:00,2024-05-02 05:00:17,1277,11.02,42,46,29.7,6.49,5.0,1,42.19,Mobile,Medallion
100622,TX8966,2024-09-04 21:54:00,2024-09-04 22:27:52,2032,5.9,65,68,17.41,0.63,0.0,3,21.04,Cash,Taxi Affiliation
100623,TX7031,2024-09-15 16:32:00,2024-09-15 17:13:18,2478,13.73,9,25,36.2,5.33,0.0,3,44.53,No Charge,Flash Cab
100624,TX3699,2024-01-30 10:32:00,2024-01-30 11:03:40,1900,18.01,36,15,46.47,2.88,0.0,0,49.35,Credit Card,Taxi Affiliation
100625,TX9870,2024-02-25 01:04:00,2024-02-25 01:22:56,1136,10.65,17,61,28.81,6.27,0.0,3,38.08,Mobile,Taxi Affiliation
100626,TX4806,2024-06-10 20:30:00,2024-06-10 21:25:21,3321,13.07,67,43,34.62,2.92,0.0,0,37.54,No Charge,Medallion
100627,TX8503,2024-05-05 01:21:00,2024-05-05 02:10:45,2985,13.1,39,73,34.69,3.26,5.0,3,45.95,Credit Card,Blue Ribbon
100628,TX3430,2024-03-03 18:39:00,2024-03-03 19:37:52,3532,5.57,46,37,16.62,4.84,0.0,0,21.46,No Charge,Yellow Cab
100629,TX3641,2024-08-13 11:40:00,2024-08-13 11:55:58,958,14.38,31,15,37.76,2.85,0.0,1,41.61,Cash,Blue Ribbon
100630,TX6192,2024-07-28 10:16:00,2024-07-28 10:29:38,818,9.1,45,19,25.09,3.7,0.0,0,28.79,Mobile,Taxi Affiliation
100631,TX9182,2024-07-15 19:25:00,2024-07-15 19:41:05,965,10.91,19,59,29.43,1.21,0.0,3,33.64,Mobile,Yellow Cab
100632,TX5748,2024-01-02 19:31:00,2024-01-02 20:26:24,3324,11.15,74,19,30.01,5.07,0.0,3,38.08,No Charge,Blue Ribbon
100633,TX6047,2024-09-08 03:51:00,2024-09-08 04:03:40,760,14.77,4,52,38.7,9.0,0.0,0,47.7,Credit Card,Taxi Affiliation
100634,TX5553,2024-05-10 08:57:00,2024-05-10 09:08:18,678,6.86,26,3,19.71,6.08,0.0,1,26.79,Cash,Medallion
100635,TX4185,2024-11-05 12:37:00,2024-11-05 13:12:24,2124,13.7,63,41,36.13,9.58,5.0,3,53.71,Cash,Blue Ribbon
100636,TX1199,2024-05-24 23:54:00,2024-05-25 00:09:05,905,14.46,37,45,37.95,4.28,2.5,2,46.73,Mobile,Blue Ribbon
100637,TX8249,2024-06-11 11:30:00,2024-06-11 12:13:17,2597,2.21,37,21,8.55,7.28,2.5,3,21.33,No Charge,Taxi Affiliation
100638,TX9606,2024-02-21 01:33:00,2024-02-21 02:18:05,2705,12.16,43,9,32.43,1.44,0.0,3,36.87,No Charge,Flash Cab
100639,TX3243,2024-01-03 15:50:00,2024-01-03 16:22:57,1977,12.96,26,24,34.35,2.73,0.0,3,40.08,No Charge,Blue Ribbon
100640,TX9095,2024-07-20 21:45:00,2024-07-20 22:23:29,2309,1.32,72,60,6.42,8.26,5.0,2,21.68,Credit Card,Flash Cab
100641,TX5713,2024-10-15 07:46:00,2024-10-15 07:51:10,310,3.5,54,23,11.65,3.0,2.5,0,17.15,No Charge,Yellow Cab
100642,TX8872,2024-01-11 14:32:00,2024-01-11 14:45:08,788,15.41,73,56,40.23,4.93,0.0,2,47.16,Mobile,Taxi Affiliation
100643,TX3668,2024-09-10 00:24:00,2024-09-10 00:37:09,789,7.78,75,8,21.92,7.33,0.0,2,31.25,Credit Card,Blue Ribbon
100644,TX7873,2024-06-17 02:39:00,2024-06-17 03:31:19,3139,3.14,46,7,10.79,1.63,0.0,2,14.42,Mobile,Blue Ribbon
100645,TX3738,2024-07-12 01:49:00,2024-07-12 02:37:37,2917,18.76,70,42,48.27,5.14,0.0,0,53.41,Mobile,Blue Ribbon
100646,TX3354,2024-04-09 02:02:00,2024-04-09 02:53:47,3107,14.11,2,18,37.11,3.63,5.0,2,47.74,Mobile,Blue Ribbon
100647,TX4569,2024-10-10 19:19:00,2024-10-10 19:57:06,2286,8.53,20,65,23.72,9.21,0.0,0,32.93,Credit Card,Yellow Cab
100648,TX7837,2024-10-16 17:44:00,2024-10-16 18:27:08,2588,12.46,59,10,33.15,8.31,5.0,0,46.46,Cash,Yellow Cab
100649,TX8240,2024-12-02 10:52:00,2024-12-02 10:58:11,371,9.85,77,67,26.89,3.12,0.0,1,31.01,Mobile,Yellow Cab
100650,TX3332,2024-09-15 17:09:00,2024-09-15 17:34:47,1547,1.06,30,40,5.79,8.15,0.0,1,14.94,Credit Card,Yellow Cab
100651,TX1308,2024-02-17 15:51:00,2024-02-17 16:01:21,621,8.78,62,56,24.32,7.63,0.0,0,31.95,Cash,Yellow Cab
100652,TX2948,2024-02-09 12:07:00,2024-02-09 12:14:14,434,15.96,33,6,41.55,5.13,0.0,3,49.68,Cash,Blue Ribbon
100653,TX4277,2024-08-31 07:27:00,2024-08-31 07:32:42,342,15.21,24,45,39.75,7.82,5.0,1,53.57,Cash,Flash Cab
100654,TX3630,2024-02-23 05:53:00,2024-02-23 06:48:56,3356,18.87,65,31,48.54,9.49,0.0,2,60.03,Cash,Flash Cab
100655,TX3814,2024-10-25 15:39:00,2024-10-25 16:23:28,2668,15.38,69,1,40.16,5.29,0.0,2,47.45,Cash,Yellow Cab
100656,TX8203,2024-12-01 09:15:00,2024-12-01 09:54:25,2365,17.1,14,24,44.29,4.75,5.0,1,55.04,Mobile,Taxi Affiliation
100657,TX8633,2024-06-03 15:46:00,2024-06-03 16:05:37,1177,10.53,15,67,28.52,4.08,0.0,0,32.6,Credit Card,Taxi Affiliation
100658,TX6375,2024-10-04 18:50:00,2024-10-04 19:19:39,1779,14.24,64,15,37.43,5.57,0.0,0,43.0,No Charge,Blue Ribbon
100659,TX7672,2024-06-15 14:51:00,2024-06-15 15:36:59,2759,14.86,38,55,38.91,6.87,2.5,1,49.28,Credit Card,Flash Cab
100660,TX9055,2024-11-22 00:29:00,2024-11-22 01:28:46,3586,9.78,14,51,26.72,6.79,0.0,0,33.51,No Charge,Medallion
100661,TX3764,2024-08-28 00:28:00,2024-08-28 01:19:11,3071,2.16,9,47,8.43,1.43,2.5,0,12.36,Credit Card,Blue Ribbon
100662,TX9177,2024-03-14 03:55:00,2024-03-14 04:40:36,2736,16.96,36,75,43.95,4.04,0.0,3,50.99,Mobile,Taxi Affiliation
100663,TX3414,2024-05-09 21:37:00,2024-05-09 22:14:28,2248,13.5,59,14,35.65,9.5,2.5,2,49.65,Cash,Blue Ribbon
100664,TX1865,2024-06-27 09:55:00,2024-06-27 10:33:56,2336,5.0,9,64,15.25,9.42,0.0,0,24.67,Cash,Yellow Cab
100665,TX2253,2024-05-19 13:29:00,2024-05-19 14:15:16,2776,13.74,67,64,36.23,1.53,5.0,0,42.76,No Charge,Yellow Cab
100666,TX9856,2024-04-17 03:11:00,2024-04-17 04:01:11,3011,10.21,70,3,27.75,5.05,5.0,2,39.8,Cash,Taxi Affiliation
100667,TX8531,2024-11-16 16:39:00,2024-11-16 16:52:07,787,7.98,5,5,22.4,3.15,2.5,3,31.05,Credit Card,Medallion
100668,TX3203,2024-08-28 08:01:00,2024-08-28 08:59:12,3492,6.41,40,50,18.63,7.06,2.5,3,31.19,No Charge,Flash Cab
100669,TX8797,2024-07-26 08:43:00,2024-07-26 09:34:04,3064,10.07,72,21,27.42,5.54,5.0,3,40.96,Cash,Taxi Affiliation
100670,TX6250,2024-04-06 03:32:00,2024-04-06 04:10:46,2326,12.03,8,4,32.12,3.78,0.0,2,37.9,Cash,Yellow Cab
100671,TX7235,2024-10-31 23:14:00,2024-10-31 23:44:00,1800,7.3,13,55,20.77,7.42,0.0,2,30.19,Mobile,Blue Ribbon
100672,TX2391,2024-05-30 05:29:00,2024-05-30 05:57:58,1738,1.6,9,40,7.09,2.44,0.0,2,11.53,Cash,Blue Ribbon
100673,TX5368,2024-03-03 01:33:00,2024-03-03 01:39:20,380,11.0,3,61,29.65,0.37,2.5,3,35.52,Cash,Blue Ribbon
100674,TX4373,2024-05-17 18:43:00,2024-05-17 19:26:56,2636,8.11,44,64,22.71,5.73,2.5,0,30.94,Mobile,Yellow Cab
100675,TX9779,2024-08-12 02:26:00,2024-08-12 02:51:26,1526,7.59,28,37,21.47,4.36,2.5,0,28.33,Mobile,Flash Cab
100676,TX6518,2024-04-18 12:01:00,2024-04-18 12:45:09,2649,8.34,35,9,23.27,2.26,0.0,0,25.53,No Charge,Taxi Affiliation
100677,TX8092,2024-03-17 14:43:00,2024-03-17 15:11:42,1722,16.02,70,41,41.7,6.52,0.0,2,50.22,Credit Card,Taxi Affiliation
100678,TX1304,2024-05-26 17:21:00,2024-05-26 17:43:09,1329,12.69,67,24,33.71,4.53,5.0,1,44.24,No Charge,Yellow Cab
100679,TX1981,2024-08-28 20:12:00,2024-08-28 21:07:40,3340,18.79,67,26,48.35,2.68,5.0,3,59.03,Mobile,Taxi Affiliation
100680,TX7721,2024-02-24 01:00:00,2024-02-24 01:21:24,1284,3.43,41,9,11.48,6.85,0.0,3,21.33,Credit Card,Taxi Affiliation
100681,TX7649,2024-04-07 10:30:00,2024-04-07 10:54:35,1475,13.1,31,15,34.69,2.56,5.0,1,43.25,Credit Card,Yellow Cab
100682,TX7914,2024-01-11 08:04:00,2024-01-11 08:25:45,1305,16.04,5,26,41.75,3.11,2.5,3,50.36,Credit Card,Blue Ribbon
100683,TX1691,2024-02-19 22:08:00,2024-02-19 22:14:59,419,5.54,63,3,16.55,8.04,5.0,1,30.59,Cash,Flash Cab
100684,TX2479,2024-04-24 12:56:00,2024-04-24 13:42:04,2764,6.31,51,18,18.39,0.64,2.5,2,23.53,Credit Card,Flash Cab
100685,TX9133,2024-07-27 03:14:00,2024-07-27 04:09:08,3308,10.25,12,31,27.85,1.21,5.0,2,36.06,Cash,Blue Ribbon
100686,TX4571,2024-04-30 03:20:00,2024-04-30 04:04:53,2693,14.88,19,14,38.96,8.06,0.0,3,50.02,Credit Card,Yellow Cab
100687,TX9740,2024-04-10 05:01:00,2024-04-10 05:36:00,2100,8.46,48,15,23.55,8.63,0.0,3,35.18,Mobile,Medallion
100688,TX8786,2024-06-03 13:03:00,2024-06-03 13:40:25,2245,13.81,48,40,36.39,9.63,0.0,2,48.02,Cash,Medallion
100689,TX7302,2024-01-13 22:10:00,2024-01-13 23:05:28,3328,13.41,40,47,35.43,9.41,0.0,2,46.84,Cash,Medallion
100690,TX5929,2024-11-11 21:33:00,2024-11-11 21:54:08,1268,17.22,12,31,44.58,3.88,2.5,2,52.96,Mobile,Yellow Cab
100691,TX5489,2024-11-09 03:41:00,2024-11-09 03:56:56,956,18.36,11,63,47.31,6.31,2.5,0,56.12,No Charge,Taxi Affiliation
100692,TX5275,2024-12-03 13:51:00,2024-12-03 14:18:42,1662,14.49,65,9,38.03,8.77,0.0,1,47.8,Mobile,Taxi Affiliation
100693,TX1853,2024-08-07 11:22:00,2024-08-07 12:16:46,3286,16.36,24,57,42.51,7.38,2.5,0,52.39,Credit Card,Flash Cab
100694,TX3585,2024-05-26 03:02:00,2024-05-26 03:20:39,1119,12.75,32,67,33.85,3.14,0.0,0,36.99,Credit Card,Medallion
100695,TX5270,2024-09-06 22:12:00,2024-09-06 22:45:00,1980,15.96,23,76,41.55,3.19,2.5,1,48.24,Mobile,Blue Ribbon
100696,TX1339,2024-03-13 13:57:00,2024-03-13 14:07:45,645,8.58,3,72,23.84,1.82,2.5,1,29.16,Credit Card,Flash Cab
100697,TX8027,2024-06-17 14:43:00,2024-06-17 15:01:32,1112,5.6,77,34,16.69,8.52,0.0,3,28.21,Credit Card,Flash Cab
100698,TX8433,2024-05-14 04:56:00,2024-05-14 05:12:36,996,18.97,64,16,48.78,1.17,5.0,3,57.95,Credit Card,Yellow Cab
100699,TX8066,2024-03-10 15:00:00,2024-03-10 15:58:23,3503,5.69,27,77,16.91,7.46,2.5,1,27.87,Credit Card,Blue Ribbon
100700,TX5754,2024-09-21 20:04:00,2024-09-21 20:55:13,3073,4.19,34,31,13.31,1.8,0.0,0,15.11,No Charge,Yellow Cab
100701,TX3182,2024-05-14 19:56:00,2024-05-14 20:40:47,2687,13.84,42,51,36.47,4.58,0.0,3,44.05,Credit Card,Taxi Affiliation
100702,TX1853,2024-09-15 04:33:00,2024-09-15 05:06:53,2033,14.85,43,31,38.89,2.56,0.0,0,41.45,No Charge,Blue Ribbon
100703,TX5155,2024-08-09 00:34:00,2024-08-09 01:24:47,3047,19.36,65,49,49.71,5.98,0.0,0,55.69,Mobile,Taxi Affiliation
100704,TX5264,2024-09-01 15:34:00,2024-09-01 16:04:19,1819,3.08,22,65,10.64,8.92,0.0,1,20.56,No Charge,Blue Ribbon
100705,TX3323,2024-11-15 21:10:00,2024-11-15 21:46:57,2217,3.07,34,15,10.62,3.17,5.0,3,21.79,Mobile,Flash Cab
100706,TX5635,2024-02-16 19:21:00,2024-02-16 20:00:04,2344,17.5,34,34,45.25,8.35,0.0,3,56.6,Mobile,Taxi Affiliation
100707,TX1871,2024-11-21 06:17:00,2024-11-21 06:33:15,975,6.65,25,20,19.21,9.95,0.0,3,32.16,Cash,Yellow Cab
100708,TX2900,2024-03-07 22:18:00,2024-03-07 22:25:26,446,9.67,64,6,26.46,1.64,2.5,3,33.6,No Charge,Blue Ribbon
100709,TX6727,2024-09-15 09:35:00,2024-09-15 10:18:17,2597,9.96,12,27,27.15,4.93,0.0,0,32.08,Mobile,Yellow Cab
100710,TX1067,2024-10-31 05:56:00,2024-10-31 06:12:29,989,15.12,68,74,39.54,8.23,5.0,1,53.77,Credit Card,Taxi Affiliation
100711,TX1425,2024-12-01 08:41:00,2024-12-01 08:51:14,614,5.3,37,16,15.97,4.98,0.0,2,22.95,No Charge,Blue Ribbon
100712,TX8861,2024-08-03 04:27:00,2024-08-03 04:39:14,734,16.82,59,35,43.62,1.54,0.0,3,48.16,Cash,Blue Ribbon
100713,TX4463,2024-01-17 05:08:00,2024-01-17 05:57:47,2987,12.64,7,37,33.59,4.53,5.0,1,44.12,Mobile,Flash Cab
100714,TX5180,2024-09-28 01:25:00,2024-09-28 01:34:49,589,11.17,23,31,30.06,6.02,0.0,3,39.08,No Charge,Flash Cab
100715,TX2975,2024-01-08 17:14:00,2024-01-08 17:33:12,1152,3.68,39,63,12.08,7.79,0.0,1,20.87,No Charge,Blue Ribbon
100716,TX9399,2024-11-25 06:57:00,2024-11-25 07:48:45,3105,12.27,26,63,32.7,3.59,0.0,2,38.29,No Charge,Taxi Affiliation
100717,TX4053,2024-06-22 17:11:00,2024-06-22 17:34:19,1399,11.48,56,55,30.8,4.23,2.5,2,39.53,Cash,Flash Cab
100718,TX9638,2024-07-06 03:38:00,2024-07-06 04:06:19,1699,19.48,68,11,50.0,6.76,0.0,3,59.76,Mobile,Taxi Affiliation
100719,TX5921,2024-06-08 11:40:00,2024-06-08 11:50:24,624,18.19,32,67,46.91,4.78,0.0,1,52.69,No Charge,Blue Ribbon
100720,TX9366,2024-07-26 05:56:00,2024-07-26 06:04:15,495,11.24,55,53,30.23,9.17,5.0,0,44.4,Cash,Taxi Affiliation
100721,TX9248,2024-08-28 20:38:00,2024-08-28 21:32:10,3250,11.59,3,15,31.07,2.53,0.0,0,33.6,No Charge,Yellow Cab
100722,TX6143,2024-10-13 11:43:00,2024-10-13 12:00:26,1046,16.94,76,59,43.91,0.45,2.5,2,48.86,No Charge,Medallion
100723,TX4032,2024-10-21 08:57:00,2024-10-21 09:20:05,1385,7.16,11,34,20.43,9.18,0.0,1,30.61,Cash,Taxi Affiliation
100724,TX8539,2024-07-13 19:26:00,2024-07-13 19:32:13,373,0.61,52,63,4.71,1.17,0.0,3,8.88,Mobile,Medallion
100725,TX2435,2024-10-23 07:15:00,2024-10-23 08:02:06,2826,7.53,17,18,21.32,6.74,2.5,2,32.56,Cash,Yellow Cab
100726,TX8882,2024-02-10 23:54:00,2024-02-11 00:00:05,365,14.07,19,31,37.02,1.88,0.0,1,39.9,No Charge,Medallion
100727,TX1357,2024-03-10 18:14:00,2024-03-10 18:24:52,652,6.37,15,22,18.54,4.63,2.5,3,28.67,Credit Card,Taxi Affiliation
100728,TX5830,2024-06-25 20:24:00,2024-06-25 21:01:11,2231,0.88,73,51,5.36,4.5,0.0,1,10.86,Cash,Blue Ribbon
100729,TX5764,2024-01-04 02:48:00,2024-01-04 03:00:00,720,12.79,5,63,33.95,7.13,2.5,3,46.58,No Charge,Taxi Affiliation
100730,TX1994,2024-07-06 03:46:00,2024-07-06 04:31:20,2720,14.63,68,3,38.36,9.35,2.5,1,51.21,No Charge,Medallion
100731,TX2915,2024-04-25 05:56:00,2024-04-25 06:38:46,2566,1.74,64,45,7.43,8.93,2.5,3,21.86,No Charge,Taxi Affiliation
100732,TX4802,2024-01-08 19:48:00,2024-01-08 20:04:00,960,6.12,65,29,17.94,1.92,0.0,3,22.86,Mobile,Medallion
100733,TX7829,2024-11-06 23:35:00,2024-11-07 00:28:49,3229,13.31,47,61,35.19,1.31,0.0,3,39.5,Credit Card,Medallion
100734,TX3839,2024-03-16 16:36:00,2024-03-16 17:00:16,1456,13.97,26,21,36.78,0.86,2.5,1,41.14,No Charge,Flash Cab
100735,TX1770,2024-10-16 03:33:00,2024-10-16 04:06:23,2003,18.89,3,46,48.59,4.94,0.0,1,54.53,Mobile,Blue Ribbon
100736,TX2043,2024-09-03 17:05:00,2024-09-03 17:20:49,949,3.91,44,56,12.63,8.59,5.0,0,26.22,Cash,Medallion
100737,TX1764,2024-03-23 18:50:00,2024-03-23 19:03:14,794,11.46,72,35,30.75,4.86,0.0,2,37.61,Credit Card,Medallion
100738,TX2817,2024-08-08 06:21:00,2024-08-08 07:11:42,3042,2.53,14,14,9.32,0.5,2.5,3,15.32,Cash,Medallion
100739,TX5786,2024-02-08 15:05:00,2024-02-08 15:21:24,984,12.78,57,65,33.92,8.71,0.0,1,43.63,No Charge,Flash Cab
100740,TX8194,2024-02-26 10:15:00,2024-02-26 11:04:10,2950,7.59,54,1,21.47,8.19,0.0,1,30.66,Credit Card,Taxi Affiliation
100741,TX6908,2024-05-04 12:30:00,2024-05-04 12:54:34,1474,10.35,32,20,28.09,0.85,0.0,3,31.94,No Charge,Yellow Cab
100742,TX1487,2024-02-20 11:48:00,2024-02-20 12:47:44,3584,8.86,57,19,24.51,9.18,2.5,2,38.19,Cash,Medallion
100743,TX2007,2024-12-09 19:40:00,2024-12-09 19:49:45,585,2.15,51,5,8.41,3.15,0.0,3,14.56,Credit Card,Medallion
100744,TX7869,2024-01-22 07:08:00,2024-01-22 07:56:07,2887,19.61,52,71,50.31,7.99,5.0,2,65.3,Mobile,Blue Ribbon
100745,TX7618,2024-11-27 06:58:00,2024-11-27 07:26:29,1709,0.65,58,27,4.81,2.8,5.0,1,13.61,No Charge,Blue Ribbon
100746,TX1605,2024-11-19 10:37:00,2024-11-19 11:35:21,3501,13.15,69,43,34.81,7.75,0.0,0,42.56,No Charge,Yellow Cab
100747,TX9541,2024-07-08 17:56:00,2024-07-08 18:37:55,2515,6.04,44,21,17.75,0.93,5.0,2,25.68,Cash,Flash Cab
100748,TX9278,2024-11-20 09:43:00,2024-11-20 10:42:22,3562,11.03,15,8,29.72,2.59,0.0,3,35.31,Mobile,Blue Ribbon
100749,TX5881,2024-08-16 12:43:00,2024-08-16 13:22:38,2378,7.41,74,1,21.03,0.48,0.0,3,24.51,No Charge,Blue Ribbon
100750,TX6739,2024-03-27 05:02:00,2024-03-27 06:01:58,3598,15.04,39,37,39.35,5.82,5.0,1,51.17,Credit Card,Taxi Affiliation
100751,TX6919,2024-07-08 10:54:00,2024-07-08 11:49:20,3320,5.33,59,13,16.04,3.28,5.0,1,25.32,Credit Card,Taxi Affiliation
100752,TX4519,2024-10-28 20:59:00,2024-10-28 21:32:07,1987,2.1,58,10,8.29,0.62,0.0,3,11.91,Mobile,Medallion
100753,TX7937,2024-05-26 21:18:00,2024-05-26 22:03:09,2709,11.4,57,63,30.61,7.79,0.0,3,41.4,No Charge,Yellow Cab
100754,TX4483,2024-02-22 19:18:00,2024-02-22 19:57:31,2371,2.98,59,61,10.4,7.11,0.0,0,17.51,Cash,Yellow Cab
100755,TX2807,2024-12-09 23:24:00,2024-12-10 00:07:09,2589,7.7,16,48,21.73,9.52,5.0,3,39.25,Mobile,Flash Cab
100756,TX5816,2024-07-09 14:05:00,2024-07-09 14:20:27,927,2.8,63,4,9.97,3.05,0.0,2,15.02,Credit Card,Yellow Cab
100757,TX4532,2024-10-12 14:53:00,2024-10-12 15:38:15,2715,8.72,24,63,24.18,9.37,0.0,2,35.55,Cash,Flash Cab
100758,TX8411,2024-07-18 14:27:00,2024-07-18 14:55:48,1728,1.82,44,49,7.62,0.45,2.5,2,12.57,No Charge,Medallion
100759,TX3440,2024-02-18 14:30:00,2024-02-18 15:27:00,3420,3.2,42,12,10.93,6.36,2.5,3,22.79,No Charge,Taxi Affiliation
100760,TX2450,2024-03-26 00:25:00,2024-03-26 00:56:59,1919,7.11,22,4,20.31,0.46,2.5,2,25.27,Mobile,Medallion
100761,TX9548,2024-08-23 03:29:00,2024-08-23 03:42:27,807,13.06,25,61,34.59,0.85,5.0,0,40.44,Cash,Flash Cab
100762,TX8278,2024-08-27 21:54:00,2024-08-27 22:35:18,2478,4.0,11,69,12.85,0.19,0.0,1,14.04,Mobile,Taxi Affiliation
100763,TX3957,2024-08-02 15:49:00,2024-08-02 15:57:04,484,10.08,54,4,27.44,9.34,0.0,3,39.78,Mobile,Taxi Affiliation
100764,TX3359,2024-04-03 21:15:00,2024-04-03 21:26:12,672,2.74,24,33,9.83,0.99,0.0,2,12.82,Cash,Yellow Cab
100765,TX1445,2024-04-21 22:48:00,2024-04-21 23:20:48,1968,13.73,8,39,36.2,0.59,0.0,1,37.79,No Charge,Flash Cab
100766,TX1849,2024-04-26 18:33:00,2024-04-26 18:47:43,883,8.55,26,31,23.77,3.24,2.5,0,29.51,Credit Card,Taxi Affiliation
100767,TX6215,2024-07-04 10:24:00,2024-07-04 11:20:21,3381,10.34,60,71,28.07,9.49,0.0,0,37.56,No Charge,Flash Cab
100768,TX2663,2024-06-25 12:45:00,2024-06-25 12:51:58,418,8.45,32,72,23.53,2.34,0.0,2,27.87,Credit Card,Blue Ribbon
100769,TX3332,2024-07-26 03:24:00,2024-07-26 03:56:46,1966,9.2,48,70,25.33,8.46,5.0,1,39.79,Credit Card,Yellow Cab
100770,TX8612,2024-07-14 23:03:00,2024-07-14 23:36:55,2035,19.25,38,22,49.45,5.55,0.0,0,55.0,Cash,Flash Cab
100771,TX4485,2024-12-06 03:06:00,2024-12-06 03:43:55,2275,5.83,75,66,17.24,2.51,2.5,2,24.25,Mobile,Flash Cab
100772,TX3014,2024-02-29 00:28:00,2024-02-29 01:23:27,3327,10.91,18,72,29.43,0.7,0.0,3,33.13,Mobile,Taxi Affiliation
100773,TX8417,2024-03-18 00:26:00,2024-03-18 01:12:40,2800,10.34,35,32,28.07,8.02,0.0,2,38.09,Mobile,Blue Ribbon
100774,TX8807,2024-03-17 22:27:00,2024-03-17 23:03:23,2183,19.2,1,2,49.33,3.28,0.0,0,52.61,Credit Card,Taxi Affiliation
100775,TX2270,2024-07-21 14:34:00,2024-07-21 15:26:32,3152,14.21,69,4,37.35,7.62,5.0,0,49.97,No Charge,Flash Cab
100776,TX3044,2024-05-08 18:30:00,2024-05-08 19:00:41,1841,16.64,60,48,43.19,3.58,0.0,0,46.77,Credit Card,Taxi Affiliation
100777,TX2474,2024-01-04 15:49:00,2024-01-04 16:09:07,1207,14.99,39,29,39.23,7.58,0.0,1,47.81,Credit Card,Taxi Affiliation
100778,TX1116,2024-05-12 09:56:00,2024-05-12 10:03:30,450,5.97,26,51,17.58,9.05,5.0,1,32.63,Cash,Blue Ribbon
100779,TX2070,2024-07-26 10:53:00,2024-07-26 11:32:09,2349,10.13,76,17,27.56,5.52,5.0,1,39.08,Cash,Yellow Cab
100780,TX1378,2024-04-04 18:37:00,2024-04-04 19:20:54,2634,17.18,69,33,44.48,8.81,0.0,1,54.29,No Charge,Flash Cab
100781,TX8086,2024-12-07 17:24:00,2024-12-07 17:58:09,2049,13.0,53,36,34.45,9.43,0.0,2,45.88,Cash,Medallion
100782,TX5553,2024-06-19 03:05:00,2024-06-19 03:43:49,2329,7.55,54,69,21.37,7.59,0.0,0,28.96,No Charge,Blue Ribbon
100783,TX4696,2024-01-03 03:04:00,2024-01-03 03:35:45,1905,4.29,55,10,13.55,0.82,5.0,0,19.37,Credit Card,Yellow Cab
100784,TX8863,2024-03-01 03:15:00,2024-03-01 03:42:28,1648,6.56,56,4,18.99,6.26,0.0,0,25.25,Mobile,Blue Ribbon
100785,TX9514,2024-03-31 05:39:00,2024-03-31 05:51:21,741,9.73,31,10,26.6,9.59,0.0,2,38.19,No Charge,Flash Cab
100786,TX7183,2024-08-15 22:22:00,2024-08-15 22:57:28,2128,11.79,41,9,31.55,0.86,0.0,0,32.41,Credit Card,Flash Cab
100787,TX2668,2024-11-30 21:21:00,2024-11-30 22:20:46,3586,9.12,8,72,25.14,3.01,2.5,0,30.65,Cash,Blue Ribbon
100788,TX1173,2024-11-05 16:47:00,2024-11-05 17:18:02,1862,8.33,59,50,23.24,6.17,2.5,1,32.91,No Charge,Taxi Affiliation
100789,TX9474,2024-11-16 15:01:00,2024-11-16 15:48:20,2840,12.57,43,76,33.42,3.4,0.0,3,39.82,Credit Card,Flash Cab
100790,TX9337,2024-02-07 15:18:00,2024-02-07 15:23:50,350,12.11,33,46,32.31,0.68,0.0,1,33.99,No Charge,Taxi Affiliation
100791,TX3091,2024-09-21 01:51:00,2024-09-21 02:38:23,2843,9.17,40,75,25.26,2.43,0.0,0,27.69,No Charge,Medallion
100792,TX3415,2024-08-25 12:41:00,2024-08-25 13:37:29,3389,7.48,61,40,21.2,5.84,5.0,1,33.04,Mobile,Blue Ribbon
100793,TX4889,2024-05-14 12:53:00,2024-05-14 12:58:33,333,10.59,65,72,28.67,6.58,0.0,0,35.25,Cash,Taxi Affiliation
100794,TX6595,2024-05-05 10:18:00,2024-05-05 10:36:20,1100,19.54,25,61,50.15,6.41,0.0,0,56.56,No Charge,Medallion
100795,TX7859,2024-09-09 08:24:00,2024-09-09 08:51:36,1656,17.11,43,21,44.31,5.66,0.0,2,51.97,Cash,Taxi Affiliation
100796,TX4772,2024-11-15 05:31:00,2024-11-15 06:29:52,3532,18.26,60,28,47.07,4.96,0.0,1,53.03,Credit Card,Taxi Affiliation
100797,TX7558,2024-09-24 16:54:00,2024-09-24 17:51:27,3447,19.08,24,1,49.04,3.32,2.5,1,55.86,Mobile,Flash Cab
100798,TX4185,2024-01-28 02:16:00,2024-01-28 02:45:25,1765,1.09,75,47,5.87,1.15,0.0,3,10.02,Cash,Flash Cab
100799,TX6567,2024-03-13 17:57:00,2024-03-13 18:15:30,1110,6.04,71,32,17.75,2.19,0.0,1,20.94,Credit Card,Yellow Cab
100800,TX7208,2024-01-09 01:48:00,2024-01-09 02:05:01,1021,16.94,15,44,43.91,9.11,0.0,1,54.02,Credit Card,Blue Ribbon
100801,TX2071,2024-06-15 08:22:00,2024-06-15 08:43:23,1283,7.71,16,19,21.75,3.72,0.0,3,28.47,Credit Card,Yellow Cab
100802,TX5006,2024-03-11 00:56:00,2024-03-11 01:37:21,2481,7.87,6,76,22.14,3.74,5.0,3,33.88,Credit Card,Medallion
100803,TX9327,2024-04-17 08:36:00,2024-04-17 09:34:54,3534,3.4,75,63,11.41,2.47,0.0,1,14.88,Credit Card,Flash Cab
100804,TX9342,2024-10-12 22:30:00,2024-10-12 23:07:07,2227,15.92,48,64,41.46,6.15,0.0,3,50.61,No Charge,Yellow Cab
100805,TX5396,2024-04-27 10:08:00,2024-04-27 11:01:38,3218,7.79,75,52,21.95,6.95,2.5,3,34.4,Cash,Yellow Cab
100806,TX7963,2024-03-21 04:14:00,2024-03-21 04:32:51,1131,9.32,49,74,25.62,2.34,0.0,2,29.96,Credit Card,Blue Ribbon
100807,TX9500,2024-04-02 22:06:00,2024-04-02 22:48:35,2555,2.15,46,30,8.41,7.52,0.0,3,18.93,Cash,Taxi Affiliation
100808,TX7021,2024-07-05 18:12:00,2024-07-05 18:59:24,2844,7.06,64,41,20.19,4.51,2.5,3,30.2,Mobile,Taxi Affiliation
100809,TX2350,2024-01-10 05:59:00,2024-01-10 06:16:15,1035,9.11,38,65,25.11,2.66,0.0,2,29.77,Cash,Blue Ribbon
100810,TX6468,2024-12-03 14:48:00,2024-12-03 15:08:32,1232,2.42,26,43,9.06,0.71,0.0,1,10.77,Mobile,Blue Ribbon
100811,TX9898,2024-09-28 13:45:00,2024-09-28 14:42:27,3447,13.83,34,2,36.44,2.74,5.0,1,45.18,Mobile,Blue Ribbon
100812,TX8733,2024-10-26 15:26:00,2024-10-26 15:54:39,1719,15.77,66,20,41.1,4.04,2.5,0,47.64,No Charge,Yellow Cab
100813,TX8559,2024-03-23 20:54:00,2024-03-23 21:48:22,3262,15.11,44,11,39.51,4.74,5.0,3,52.25,Mobile,Yellow Cab
100814,TX1493,2024-06-05 08:51:00,2024-06-05 09:48:34,3454,18.87,48,18,48.54,4.18,2.5,3,58.22,Credit Card,Blue Ribbon
100815,TX4694,2024-12-09 17:09:00,2024-12-09 18:04:22,3322,0.69,54,55,4.91,8.1,0.0,2,15.01,No Charge,Medallion
100816,TX3518,2024-04-19 08:16:00,2024-04-19 08:43:15,1635,11.95,43,73,31.93,5.68,0.0,1,38.61,No Charge,Taxi Affiliation
100817,TX6387,2024-03-15 14:22:00,2024-03-15 14:53:40,1900,1.74,73,58,7.43,3.86,2.5,0,13.79,Mobile,Flash Cab
100818,TX1439,2024-03-03 15:55:00,2024-03-03 16:07:07,727,13.66,24,26,36.03,1.78,5.0,3,45.81,Cash,Taxi Affiliation
100819,TX1941,2024-04-13 14:02:00,2024-04-13 14:21:03,1143,5.04,48,67,15.35,6.6,0.0,3,24.95,Cash,Yellow Cab
100820,TX8835,2024-04-29 05:22:00,2024-04-29 05:55:02,1982,8.13,9,50,22.76,9.9,0.0,3,35.66,Credit Card,Yellow Cab
100821,TX6084,2024-11-13 04:06:00,2024-11-13 04:25:02,1142,6.54,76,26,18.95,8.18,2.5,1,30.63,No Charge,Blue Ribbon
100822,TX9615,2024-03-14 16:30:00,2024-03-14 16:35:30,330,19.83,43,73,50.84,4.46,2.5,1,58.8,No Charge,Taxi Affiliation
100823,TX5873,2024-06-17 17:05:00,2024-06-17 17:49:19,2659,1.26,51,23,6.27,0.91,2.5,2,11.68,No Charge,Yellow Cab
100824,TX7447,2024-03-06 15:10:00,2024-03-06 15:57:10,2830,14.8,6,31,38.77,4.58,0.0,0,43.35,Credit Card,Blue Ribbon
100825,TX9085,2024-11-17 13:53:00,2024-11-17 14:40:52,2872,10.99,53,71,29.63,6.67,0.0,1,37.3,Cash,Blue Ribbon
100826,TX8388,2024-01-29 02:45:00,2024-01-29 03:41:34,3394,2.55,22,33,9.37,7.67,0.0,3,20.04,Credit Card,Medallion
100827,TX6630,2024-01-17 12:01:00,2024-01-17 12:37:33,2193,1.02,52,25,5.7,6.39,2.5,3,17.59,No Charge,Flash Cab
100828,TX8942,2024-01-05 03:49:00,2024-01-05 04:11:06,1326,2.74,60,9,9.83,9.17,0.0,3,22.0,Cash,Medallion
100829,TX3643,2024-08-27 11:09:00,2024-08-27 11:30:32,1292,14.41,22,3,37.83,4.38,2.5,2,46.71,Cash,Yellow Cab
100830,TX5476,2024-04-17 08:16:00,2024-04-17 08:29:28,808,10.93,20,57,29.48,3.91,0.0,0,33.39,Mobile,Yellow Cab
100831,TX1782,2024-03-20 03:18:00,2024-03-20 04:11:46,3226,1.17,67,14,6.06,6.75,0.0,3,15.81,No Charge,Blue Ribbon
100832,TX5091,2024-06-10 21:36:00,2024-06-10 21:44:34,514,12.17,48,31,32.46,0.49,2.5,1,36.45,Credit Card,Flash Cab
100833,TX4613,2024-01-07 02:08:00,2024-01-07 02:41:47,2027,1.04,13,22,5.75,0.15,0.0,0,5.9,Credit Card,Flash Cab
100834,TX4393,2024-05-31 14:16:00,2024-05-31 14:55:59,2399,2.6,70,51,9.49,3.27,5.0,1,18.76,No Charge,Flash Cab
100835,TX6181,2024-03-25 20:48:00,2024-03-25 21:07:35,1175,2.56,2,50,9.39,3.23,0.0,3,15.62,Credit Card,Taxi Affiliation
100836,TX1719,2024-03-21 09:13:00,2024-03-21 09:22:30,570,13.33,9,28,35.24,2.78,5.0,2,45.02,No Charge,Blue Ribbon
100837,TX5127,2024-10-06 16:54:00,2024-10-06 17:39:52,2752,10.24,13,77,27.83,9.9,5.0,1,43.73,Mobile,Taxi Affiliation
100838,TX2106,2024-09-04 01:35:00,2024-09-04 02:32:39,3459,14.03,43,3,36.92,3.32,0.0,3,43.24,No Charge,Taxi Affiliation
100839,TX1347,2024-07-05 07:24:00,2024-07-05 08:12:43,2923,14.97,16,40,39.18,5.03,0.0,1,45.21,Credit Card,Taxi Affiliation
100840,TX5859,2024-10-02 22:54:00,2024-10-02 23:15:37,1297,12.59,26,20,33.47,0.6,0.0,3,37.07,No Charge,Yellow Cab
100841,TX3199,2024-08-22 00:13:00,2024-08-22 00:20:35,455,5.14,36,41,15.59,7.25,2.5,2,27.34,Cash,Medallion
100842,TX6427,2024-10-15 12:40:00,2024-10-15 13:13:19,1999,13.14,44,32,34.79,2.88,0.0,1,38.67,Credit Card,Medallion
100843,TX9543,2024-01-20 22:30:00,2024-01-20 23:20:23,3023,19.77,42,24,50.7,8.01,0.0,3,61.71,No Charge,Flash Cab
100844,TX3057,2024-01-24 18:37:00,2024-01-24 19:15:33,2313,1.86,12,23,7.71,1.92,0.0,1,10.63,Credit Card,Yellow Cab
100845,TX5012,2024-07-03 23:56:00,2024-07-04 00:06:20,620,8.81,55,23,24.39,4.67,0.0,1,30.06,Credit Card,Blue Ribbon
100846,TX2310,2024-04-14 03:27:00,2024-04-14 04:11:21,2661,9.24,47,51,25.43,6.36,0.0,3,34.79,No Charge,Yellow Cab
100847,TX8897,2024-06-20 15:09:00,2024-06-20 15:44:07,2107,8.74,3,49,24.23,6.09,2.5,1,33.82,No Charge,Flash Cab
100848,TX7233,2024-10-03 13:00:00,2024-10-03 13:25:29,1529,12.11,60,40,32.31,1.53,0.0,2,35.84,No Charge,Blue Ribbon
100849,TX4206,2024-05-16 20:05:00,2024-05-16 20:48:22,2602,12.32,20,25,32.82,0.72,0.0,3,36.54,Cash,Flash Cab
100850,TX7465,2024-11-09 23:15:00,2024-11-09 23:54:10,2350,14.74,48,50,38.63,3.74,2.5,3,47.87,No Charge,Blue Ribbon
100851,TX3660,2024-08-21 15:34:00,2024-08-21 16:19:09,2709,1.89,25,56,7.79,8.85,0.0,3,19.64,Mobile,Blue Ribbon
100852,TX7947,2024-07-04 19:01:00,2024-07-04 19:54:24,3204,10.03,32,32,27.32,6.88,0.0,3,37.2,No Charge,Flash Cab
100853,TX8462,2024-12-01 17:54:00,2024-12-01 18:23:40,1780,12.8,19,33,33.97,6.76,0.0,2,42.73,Credit Card,Medallion
100854,TX7515,2024-07-29 19:37:00,2024-07-29 20:27:14,3014,16.91,76,11,43.83,0.12,0.0,3,46.95,Credit Card,Taxi Affiliation
100855,TX6045,2024-03-01 14:59:00,2024-03-01 15:33:08,2048,5.43,53,12,16.28,3.02,5.0,3,27.3,Cash,Medallion
100856,TX6047,2024-10-10 00:49:00,2024-10-10 01:48:26,3566,7.22,1,22,20.58,1.43,0.0,3,25.01,No Charge,Flash Cab
100857,TX8060,2024-02-05 12:28:00,2024-02-05 12:37:46,586,15.59,22,23,40.67,4.18,2.5,2,49.35,Mobile,Yellow Cab
100858,TX4482,2024-09-13 14:03:00,2024-09-13 14:17:10,850,4.36,24,26,13.71,1.82,0.0,3,18.53,Cash,Yellow Cab
100859,TX2789,2024-10-21 20:42:00,2024-10-21 21:38:49,3409,4.24,22,11,13.43,9.83,2.5,3,28.76,Mobile,Flash Cab
100860,TX8829,2024-05-17 18:38:00,2024-05-17 18:51:30,810,5.9,63,13,17.41,3.42,5.0,1,26.83,Cash,Flash Cab
100861,TX4458,2024-04-07 03:02:00,2024-04-07 03:58:19,3379,19.13,67,1,49.16,6.65,0.0,0,55.81,No Charge,Medallion
100862,TX6514,2024-07-08 14:28:00,2024-07-08 15:24:58,3418,5.68,48,44,16.88,4.86,0.0,3,24.74,Mobile,Yellow Cab
100863,TX6410,2024-12-08 20:30:00,2024-12-08 20:59:39,1779,13.47,13,1,35.58,3.78,0.0,2,41.36,No Charge,Taxi Affiliation
100864,TX5072,2024-09-21 07:04:00,2024-09-21 07:18:28,868,1.0,48,58,5.65,1.23,5.0,2,13.88,No Charge,Medallion
100865,TX6901,2024-05-30 15:57:00,2024-05-30 16:47:04,3004,4.16,6,42,13.23,9.86,0.0,0,23.09,No Charge,Yellow Cab
100866,TX8010,2024-08-09 03:58:00,2024-08-09 04:36:04,2284,8.3,61,13,23.17,6.13,0.0,2,31.3,No Charge,Blue Ribbon
100867,TX3094,2024-08-09 07:33:00,2024-08-09 07:51:19,1099,14.38,64,12,37.76,8.7,5.0,0,51.46,Mobile,Medallion
100868,TX9858,2024-11-14 17:59:00,2024-11-14 18:35:52,2212,3.78,31,32,12.32,4.46,0.0,3,19.78,Credit Card,Yellow Cab
100869,TX6349,2024-10-01 12:01:00,2024-10-01 12:51:02,3002,14.15,50,36,37.21,1.05,0.0,1,39.26,Credit Card,Blue Ribbon
100870,TX2481,2024-08-30 17:00:00,2024-08-30 17:37:30,2250,19.05,43,29,48.97,6.71,0.0,3,58.68,Cash,Blue Ribbon
100871,TX4823,2024-05-17 12:21:00,2024-05-17 13:14:58,3238,14.99,29,34,39.23,7.25,5.0,3,54.48,Cash,Blue Ribbon
100872,TX7025,2024-02-02 04:09:00,2024-02-02 04:21:36,756,2.24,17,41,8.63,7.41,0.0,0,16.04,No Charge,Medallion
100873,TX7941,2024-09-25 13:17:00,2024-09-25 13:22:06,306,6.56,41,47,18.99,5.9,0.0,3,27.89,Credit Card,Medallion
100874,TX6176,2024-08-29 21:52:00,2024-08-29 22:38:04,2764,12.02,19,38,32.1,1.07,0.0,3,36.17,Credit Card,Taxi Affiliation
100875,TX6060,2024-09-04 19:45:00,2024-09-04 20:21:06,2166,3.37,65,16,11.34,2.83,0.0,2,16.17,Mobile,Medallion
100876,TX6458,2024-06-23 09:17:00,2024-06-23 10:05:04,2884,16.66,20,27,43.23,4.95,2.5,0,50.68,Credit Card,Flash Cab
100877,TX3608,2024-12-02 08:40:00,2024-12-02 09:37:58,3478,3.99,3,71,12.83,4.88,2.5,2,22.21,No Charge,Blue Ribbon
100878,TX2176,2024-06-03 01:18:00,2024-06-03 02:09:16,3076,9.73,68,37,26.6,3.48,2.5,3,35.58,Mobile,Yellow Cab
100879,TX5981,2024-09-12 12:22:00,2024-09-12 13:04:24,2544,8.18,59,21,22.88,1.31,5.0,0,29.19,Credit Card,Taxi Affiliation
100880,TX1149,2024-09-10 15:21:00,2024-09-10 15:58:56,2276,6.18,47,74,18.08,1.45,0.0,1,20.53,Cash,Yellow Cab
100881,TX6825,2024-05-17 08:23:00,2024-05-17 08:57:09,2049,13.75,61,23,36.25,1.68,0.0,0,37.93,Cash,Flash Cab
100882,TX5014,2024-07-06 21:56:00,2024-07-06 22:45:22,2962,7.1,5,16,20.29,4.34,0.0,3,27.63,Credit Card,Taxi Affiliation
100883,TX8596,2024-06-27 03:40:00,2024-06-27 04:05:39,1539,13.92,49,36,36.66,9.55,2.5,0,48.71,No Charge,Blue Ribbon
100884,TX1377,2024-01-05 11:23:00,2024-01-05 11:36:11,791,2.77,76,74,9.9,1.22,5.0,1,17.12,No Charge,Blue Ribbon
100885,TX8105,2024-09-09 19:52:00,2024-09-09 20:47:52,3352,2.34,39,74,8.87,5.93,2.5,3,20.3,Credit Card,Flash Cab
100886,TX7640,2024-04-28 15:53:00,2024-04-28 16:02:20,560,14.42,3,51,37.86,8.62,5.0,1,52.48,No Charge,Flash Cab
100887,TX2922,2024-07-08 04:13:00,2024-07-08 04:57:55,2695,11.01,24,77,29.67,8.19,0.0,1,38.86,Credit Card,Flash Cab
100888,TX3641,2024-07-21 05:13:00,2024-07-21 05:48:31,2131,16.11,12,72,41.91,1.23,0.0,1,44.14,Mobile,Flash Cab
100889,TX7931,2024-02-01 01:20:00,2024-02-01 01:33:30,810,10.37,1,32,28.14,3.64,5.0,1,37.78,Mobile,Flash Cab
100890,TX3291,2024-12-10 18:08:00,2024-12-10 18:48:27,2427,18.14,74,63,46.79,2.93,5.0,3,57.72,Mobile,Medallion
100891,TX4884,2024-11-27 20:32:00,2024-11-27 21:01:02,1742,12.32,5,25,32.82,5.11,0.0,0,37.93,Credit Card,Blue Ribbon
100892,TX5544,2024-11-07 22:35:00,2024-11-07 22:54:41,1181,19.17,17,55,49.26,6.02,0.0,2,57.28,Cash,Medallion
100893,TX2364,2024-04-03 01:56:00,2024-04-03 02:18:47,1367,7.94,33,55,22.31,9.04,2.5,3,36.85,Credit Card,Medallion
100894,TX9379,2024-03-15 10:30:00,2024-03-15 10:39:49,589,12.78,21,54,33.92,2.69,0.0,2,38.61,Credit Card,Blue Ribbon
100895,TX5425,2024-10-14 01:45:00,2024-10-14 02:19:36,2076,7.89,16,69,22.19,9.64,0.0,0,31.83,Cash,Medallion
100896,TX3397,2024-05-28 08:30:00,2024-05-28 08:39:30,570,6.92,29,36,19.86,0.89,0.0,2,22.75,Cash,Flash Cab
100897,TX9625,2024-05-17 13:38:00,2024-05-17 13:58:10,1210,7.88,40,76,22.16,1.05,0.0,1,24.21,No Charge,Flash Cab
100898,TX2623,2024-07-11 20:07:00,2024-07-11 20:35:49,1729,14.16,7,22,37.23,8.65,5.0,2,52.88,Mobile,Taxi Affiliation
100899,TX8812,2024-03-07 00:44:00,2024-03-07 01:12:33,1713,16.22,76,17,42.18,6.78,5.0,3,56.96,Mobile,Flash Cab
100900,TX5380,2024-09-07 06:06:00,2024-09-07 06:46:03,2403,14.41,7,48,37.83,6.58,0.0,3,47.41,Credit Card,Medallion
100901,TX9228,2024-06-01 12:40:00,2024-06-01 13:33:14,3194,9.43,37,36,25.88,4.39,0.0,3,33.27,No Charge,Medallion
100902,TX6007,2024-12-09 02:29:00,2024-12-09 03:23:02,3242,17.69,53,41,45.71,8.14,0.0,0,53.85,Cash,Flash Cab
100903,TX2385,2024-01-29 04:09:00,2024-01-29 05:03:49,3289,5.18,37,71,15.68,0.94,5.0,0,21.62,No Charge,Flash Cab
100904,TX9156,2024-12-11 13:13:00,2024-12-11 13:46:56,2036,13.7,66,69,36.13,9.32,0.0,3,48.45,Cash,Taxi Affiliation
100905,TX9754,2024-01-06 07:27:00,2024-01-06 08:14:04,2824,4.21,45,32,13.35,8.31,0.0,3,24.66,Cash,Medallion
100906,TX3864,2024-06-12 14:22:00,2024-06-12 14:38:30,990,13.65,10,47,36.01,8.82,5.0,1,50.83,Credit Card,Medallion
100907,TX6537,2024-05-08 21:06:00,2024-05-08 21:14:28,508,8.74,32,70,24.23,3.79,0.0,0,28.02,Cash,Blue Ribbon
100908,TX4562,2024-04-19 04:15:00,2024-04-19 04:52:58,2278,6.22,40,66,18.18,2.13,5.0,3,28.31,Cash,Taxi Affiliation
100909,TX6382,2024-11-21 04:43:00,2024-11-21 05:30:10,2830,17.04,39,46,44.15,0.57,0.0,3,47.72,Cash,Flash Cab
100910,TX9061,2024-05-07 13:54:00,2024-05-07 14:48:19,3259,4.13,26,11,13.16,3.55,0.0,3,19.71,Credit Card,Taxi Affiliation
100911,TX8711,2024-02-15 08:09:00,2024-02-15 08:47:16,2296,0.63,51,48,4.76,7.69,0.0,1,13.45,Mobile,Blue Ribbon
100912,TX3651,2024-06-05 04:54:00,2024-06-05 05:11:26,1046,10.96,18,46,29.55,2.69,2.5,3,37.74,No Charge,Flash Cab
100913,TX7464,2024-05-11 01:03:00,2024-05-11 01:56:24,3204,4.37,54,43,13.74,1.9,0.0,1,16.64,Cash,Yellow Cab
100914,TX7899,2024-08-30 19:23:00,2024-08-30 19:41:35,1115,18.99,63,71,48.83,9.6,0.0,0,58.43,No Charge,Yellow Cab
100915,TX3153,2024-04-28 12:54:00,2024-04-28 13:50:16,3376,15.41,15,14,40.23,8.82,5.0,3,57.05,Cash,Yellow Cab
100916,TX6605,2024-02-26 21:08:00,2024-02-26 21:36:29,1709,10.25,55,77,27.85,7.67,0.0,0,35.52,Cash,Taxi Affiliation
100917,TX3498,2024-06-24 01:59:00,2024-06-24 02:23:45,1485,6.0,66,24,17.65,0.83,2.5,1,21.98,Credit Card,Blue Ribbon
100918,TX4250,2024-10-06 09:46:00,2024-10-06 09:58:51,771,17.35,61,14,44.89,9.94,0.0,3,57.83,Credit Card,Yellow Cab
100919,TX7574,2024-11-07 11:59:00,2024-11-07 12:44:21,2721,12.76,5,36,33.87,1.49,0.0,1,36.36,Credit Card,Yellow Cab
100920,TX7673,2024-06-04 11:05:00,2024-06-04 11:11:12,372,12.52,68,40,33.3,0.91,0.0,3,37.21,Credit Card,Yellow Cab
100921,TX2803,2024-05-02 15:34:00,2024-05-02 16:08:05,2045,9.84,35,47,26.87,5.1,0.0,2,33.97,Mobile,Blue Ribbon
100922,TX1008,2024-09-16 07:55:00,2024-09-16 08:28:32,2012,5.32,7,42,16.02,8.95,0.0,0,24.97,Credit Card,Blue Ribbon
100923,TX9049,2024-06-21 02:54:00,2024-06-21 03:18:07,1447,18.22,47,43,46.98,1.01,0.0,2,49.99,Mobile,Flash Cab
100924,TX6907,2024-02-05 12:36:00,2024-02-05 13:26:40,3040,0.77,47,76,5.1,5.52,0.0,2,12.62,Mobile,Yellow Cab
100925,TX2971,2024-08-24 23:57:00,2024-08-25 00:20:50,1430,4.6,6,76,14.29,3.84,0.0,1,19.13,Credit Card,Yellow Cab
100926,TX5939,2024-09-13 19:24:00,2024-09-13 19:59:25,2125,18.55,61,26,47.77,0.75,5.0,2,55.52,Credit Card,Flash Cab
100927,TX6996,2024-02-16 19:00:00,2024-02-16 19:18:05,1085,8.66,58,16,24.03,7.12,5.0,2,38.15,No Charge,Flash Cab
100928,TX5491,2024-06-25 00:57:00,2024-06-25 01:30:36,2016,10.71,17,38,28.95,9.52,0.0,1,39.47,Cash,Medallion
100929,TX9723,2024-01-23 09:13:00,2024-01-23 10:12:13,3553,19.46,66,10,49.95,1.9,2.5,3,57.35,Credit Card,Taxi Affiliation
100930,TX4390,2024-09-30 13:57:00,2024-09-30 14:36:46,2386,7.99,24,1,22.43,7.79,2.5,2,34.72,Credit Card,Medallion
100931,TX9254,2024-03-20 13:13:00,2024-03-20 13:58:25,2725,14.09,68,34,37.07,8.79,5.0,3,53.86,Mobile,Yellow Cab
100932,TX9741,2024-04-18 03:39:00,2024-04-18 04:32:21,3201,5.74,31,38,17.03,1.19,0.0,0,18.22,Cash,Yellow Cab
100933,TX4440,2024-12-09 05:43:00,2024-12-09 06:06:57,1437,18.58,69,15,47.84,2.7,0.0,1,51.54,Cash,Blue Ribbon
100934,TX3189,2024-08-18 14:28:00,2024-08-18 15:14:18,2778,19.46,53,38,49.95,3.25,5.0,2,60.2,Mobile,Flash Cab
100935,TX5194,2024-08-16 03:40:00,2024-08-16 03:45:42,342,16.57,3,69,43.02,2.19,0.0,1,46.21,Cash,Taxi Affiliation
100936,TX8244,2024-12-10 13:16:00,2024-12-10 14:05:38,2978,5.52,29,42,16.5,6.26,5.0,1,28.76,Mobile,Yellow Cab
100937,TX4796,2024-07-31 00:39:00,2024-07-31 01:26:59,2879,16.25,56,48,42.25,7.53,0.0,3,52.78,Credit Card,Taxi Affiliation
100938,TX9036,2024-02-04 08:41:00,2024-02-04 09:19:51,2331,4.04,24,37,12.95,1.85,0.0,1,15.8,Cash,Blue Ribbon
100939,TX3351,2024-02-29 13:36:00,2024-02-29 13:53:07,1027,16.44,10,55,42.71,6.87,0.0,0,49.58,Credit Card,Taxi Affiliation
100940,TX1193,2024-11-27 06:06:00,2024-11-27 06:55:02,2942,19.42,13,49,49.86,1.0,5.0,1,56.86,No Charge,Flash Cab
100941,TX5068,2024-02-10 07:30:00,2024-02-10 07:35:55,355,15.39,11,35,40.19,6.44,0.0,1,47.63,Credit Card,Medallion
100942,TX2392,2024-01-06 03:56:00,2024-01-06 04:55:05,3545,19.34,26,18,49.67,9.58,0.0,2,61.25,No Charge,Medallion
100943,TX4994,2024-11-21 03:49:00,2024-11-21 04:24:19,2119,16.4,8,70,42.61,3.07,2.5,1,49.18,Mobile,Medallion
100944,TX9381,2024-02-15 01:27:00,2024-02-15 01:33:26,386,16.59,54,19,43.07,1.03,0.0,0,44.1,Cash,Yellow Cab
100945,TX7303,2024-01-09 23:43:00,2024-01-10 00:03:28,1228,8.83,15,63,24.44,1.47,0.0,1,26.91,Credit Card,Flash Cab
100946,TX2939,2024-03-22 23:54:00,2024-03-23 00:05:56,716,19.15,47,11,49.21,2.82,0.0,2,54.03,Cash,Medallion
100947,TX3461,2024-02-25 06:21:00,2024-02-25 06:38:09,1029,8.86,39,37,24.51,3.35,0.0,3,30.86,Mobile,Flash Cab
100948,TX3435,2024-04-08 22:50:00,2024-04-08 23:29:04,2344,13.4,19,41,35.41,9.33,0.0,0,44.74,Credit Card,Taxi Affiliation
100949,TX8003,2024-06-11 21:17:00,2024-06-11 22:11:14,3254,16.04,36,19,41.75,9.76,0.0,0,51.51,Cash,Blue Ribbon
100950,TX8885,2024-02-16 16:25:00,2024-02-16 16:42:24,1044,15.47,53,43,40.38,3.53,2.5,3,49.41,Credit Card,Yellow Cab
100951,TX7301,2024-05-19 18:19:00,2024-05-19 18:52:34,2014,11.21,11,75,30.15,5.39,2.5,1,39.04,No Charge,Medallion
100952,TX6926,2024-07-29 15:33:00,2024-07-29 16:31:00,3480,14.02,1,27,36.9,7.48,0.0,1,45.38,Cash,Blue Ribbon
100953,TX6912,2024-07-22 13:09:00,2024-07-22 13:46:21,2241,19.17,18,38,49.26,9.21,0.0,2,60.47,No Charge,Yellow Cab
100954,TX4679,2024-10-31 08:32:00,2024-10-31 09:14:38,2558,19.45,8,18,49.93,9.13,0.0,1,60.06,Cash,Yellow Cab
100955,TX2736,2024-05-17 16:18:00,2024-05-17 17:13:02,3302,1.01,75,10,5.67,9.65,0.0,0,15.32,No Charge,Medallion
100956,TX2262,2024-11-13 04:20:00,2024-11-13 04:35:47,947,1.09,2,73,5.87,3.65,0.0,1,10.52,No Charge,Yellow Cab
100957,TX8703,2024-10-05 22:19:00,2024-10-05 22:36:27,1047,9.66,53,44,26.43,1.4,5.0,2,34.83,No Charge,Flash Cab
100958,TX9245,2024-04-14 15:49:00,2024-04-14 16:01:35,755,3.54,21,2,11.75,8.81,0.0,1,21.56,No Charge,Taxi Affiliation
100959,TX4724,2024-09-04 19:05:00,2024-09-04 19:41:00,2160,11.31,55,21,30.39,8.3,5.0,2,45.69,Mobile,Flash Cab
100960,TX1917,2024-07-09 02:56:00,2024-07-09 03:26:46,1846,19.57,29,51,50.22,1.25,0.0,3,54.47,Credit Card,Medallion
100961,TX7233,2024-08-08 13:17:00,2024-08-08 13:27:16,616,16.42,22,7,42.66,4.68,0.0,3,50.34,Mobile,Taxi Affiliation
100962,TX1459,2024-03-12 03:34:00,2024-03-12 03:57:25,1405,2.61,31,37,9.51,0.78,5.0,2,17.29,Credit Card,Medallion
100963,TX4305,2024-02-09 00:18:00,2024-02-09 00:27:27,567,4.63,5,31,14.36,0.11,0.0,1,15.47,Mobile,Flash Cab
100964,TX1787,2024-07-26 19:48:00,2024-07-26 20:31:33,2613,1.38,41,12,6.56,9.86,2.5,0,18.92,Mobile,Flash Cab
100965,TX7400,2024-05-10 02:26:00,2024-05-10 03:22:18,3378,6.01,46,17,17.67,3.98,0.0,2,23.65,Cash,Blue Ribbon
100966,TX7260,2024-05-28 12:55:00,2024-05-28 13:50:36,3336,10.32,62,76,28.02,5.02,0.0,0,33.04,Cash,Blue Ribbon
100967,TX4533,2024-02-28 22:47:00,2024-02-28 23:02:20,920,13.81,19,21,36.39,0.79,0.0,1,38.18,Mobile,Taxi Affiliation
100968,TX7350,2024-10-13 04:30:00,2024-10-13 04:43:57,837,7.11,31,27,20.31,3.6,2.5,0,26.41,Cash,Yellow Cab
100969,TX6071,2024-07-25 15:39:00,2024-07-25 16:26:51,2871,19.89,71,12,50.99,0.97,0.0,1,52.96,No Charge,Flash Cab
100970,TX6952,2024-06-14 20:10:00,2024-06-14 20:36:24,1584,3.81,46,12,12.39,2.96,0.0,2,17.35,Cash,Yellow Cab
100971,TX3301,2024-09-15 23:47:00,2024-09-16 00:44:41,3461,9.48,16,73,26.0,9.86,0.0,3,38.86,No Charge,Flash Cab
100972,TX7008,2024-05-12 14:04:00,2024-05-12 14:28:34,1474,8.32,66,41,23.22,8.57,0.0,3,34.79,Mobile,Flash Cab
100973,TX5011,2024-09-05 15:09:00,2024-09-05 15:42:12,1992,10.37,72,2,28.14,2.63,0.0,0,30.77,Credit Card,Flash Cab
100974,TX7360,2024-04-16 01:49:00,2024-04-16 02:19:39,1839,3.59,60,12,11.87,3.99,0.0,1,16.86,Mobile,Taxi Affiliation
100975,TX3953,2024-06-19 19:43:00,2024-06-19 20:31:51,2931,10.93,14,51,29.48,8.18,0.0,0,37.66,No Charge,Yellow Cab
100976,TX4483,2024-05-26 10:32:00,2024-05-26 10:59:26,1646,1.76,61,15,7.47,3.42,5.0,3,18.89,Mobile,Taxi Affiliation
100977,TX1513,2024-01-15 04:30:00,2024-01-15 05:12:12,2532,3.54,77,49,11.75,4.7,0.0,2,18.45,Cash,Blue Ribbon
100978,TX7929,2024-10-14 17:16:00,2024-10-14 17:50:21,2061,19.58,35,33,50.24,2.13,0.0,0,52.37,Credit Card,Flash Cab
100979,TX9597,2024-02-21 20:31:00,2024-02-21 20:40:43,583,5.84,28,34,17.27,0.82,2.5,3,23.59,Credit Card,Flash Cab
100980,TX6722,2024-02-03 21:45:00,2024-02-03 22:19:15,2055,7.17,54,62,20.46,7.53,0.0,1,28.99,No Charge,Medallion
100981,TX1162,2024-09-08 01:05:00,2024-09-08 02:03:30,3510,3.63,72,77,11.96,6.97,0.0,3,21.93,Credit Card,Flash Cab
100982,TX3465,2024-09-20 09:15:00,2024-09-20 10:05:35,3035,11.78,59,19,31.52,1.45,0.0,0,32.97,No Charge,Blue Ribbon
100983,TX8381,2024-02-11 14:42:00,2024-02-11 15:41:04,3544,19.41,17,58,49.83,4.06,5.0,0,58.89,Cash,Flash Cab
100984,TX7185,2024-03-20 20:21:00,2024-03-20 21:16:54,3354,19.59,28,45,50.27,4.2,5.0,1,60.47,Credit Card,Yellow Cab
100985,TX5947,2024-09-04 16:40:00,2024-09-04 17:24:22,2662,19.12,40,65,49.14,3.7,0.0,0,52.84,Cash,Taxi Affiliation
100986,TX9571,2024-08-24 12:16:00,2024-08-24 12:52:07,2167,8.57,43,15,23.82,3.52,5.0,3,35.34,Credit Card,Taxi Affiliation
100987,TX7251,2024-06-05 05:16:00,2024-06-05 05:46:28,1828,3.95,37,56,12.73,5.95,5.0,3,26.68,Mobile,Medallion
100988,TX1269,2024-12-07 17:30:00,2024-12-07 17:41:46,706,19.91,53,14,51.03,8.06,0.0,0,59.09,No Charge,Medallion
100989,TX5749,2024-12-03 20:14:00,2024-12-03 20:56:11,2531,2.44,54,28,9.11,4.44,5.0,0,18.55,Credit Card,Taxi Affiliation
100990,TX8601,2024-07-20 01:50:00,2024-07-20 02:21:00,1860,2.73,53,51,9.8,8.56,0.0,2,20.36,Cash,Blue Ribbon
100991,TX7794,2024-10-12 00:56:00,2024-10-12 01:16:17,1217,10.4,31,1,28.21,2.68,0.0,2,32.89,No Charge,Flash Cab
100992,TX6490,2024-01-06 21:42:00,2024-01-06 21:48:47,407,3.49,22,74,11.63,3.74,5.0,2,22.37,No Charge,Yellow Cab
100993,TX3111,2024-07-21 14:07:00,2024-07-21 14:38:43,1903,4.26,50,23,13.47,6.44,0.0,3,22.91,No Charge,Blue Ribbon
100994,TX7422,2024-07-07 14:02:00,2024-07-07 14:17:48,948,9.03,34,71,24.92,1.0,0.0,0,25.92,Credit Card,Blue Ribbon
100995,TX1455,2024-03-15 10:30:00,2024-03-15 10:41:21,681,2.32,70,11,8.82,4.37,5.0,1,19.19,No Charge,Flash Cab
100996,TX4927,2024-09-27 12:39:00,2024-09-27 13:34:07,3307,3.05,29,39,10.57,4.54,0.0,1,16.11,Credit Card,Medallion
100997,TX1847,2024-11-02 06:01:00,2024-11-02 06:22:44,1304,14.66,36,11,38.43,8.07,2.5,2,51.0,Credit Card,Flash Cab
100998,TX2754,2024-08-20 16:18:00,2024-08-20 17:02:33,2673,17.41,19,37,45.03,1.11,5.0,0,51.14,Mobile,Yellow Cab
100999,TX2649,2024-02-04 00:41:00,2024-02-04 00:51:16,616,10.14,63,3,27.59,3.61,0.0,3,34.2,No Charge,Flash Cab
